,Date,Visitor/Neutral,PTS,Home/Neutral,PTS.1
0,"Tue, Oct 16, 2018",Philadelphia 76ers,87,Boston Celtics,105
1,"Tue, Oct 16, 2018",Oklahoma City Thunder,100,Golden State Warriors,108
2,"Wed, Oct 17, 2018",Milwaukee Bucks,113,Charlotte Hornets,112
3,"Wed, Oct 17, 2018",Brooklyn Nets,100,Detroit Pistons,103
4,"Wed, Oct 17, 2018",Memphis Grizzlies,83,Indiana Pacers,111
5,"Wed, Oct 17, 2018",Miami Heat,101,Orlando Magic,104
6,"Wed, Oct 17, 2018",Atlanta Hawks,107,New York Knicks,126
7,"Wed, Oct 17, 2018",Cleveland Cavaliers,104,Toronto Raptors,116
8,"Wed, Oct 17, 2018",New Orleans Pelicans,131,Houston Rockets,112
9,"Wed, Oct 17, 2018",Minnesota Timberwolves,108,San Antonio Spurs,112
10,"Wed, Oct 17, 2018",Utah Jazz,123,Sacramento Kings,117
11,"Wed, Oct 17, 2018",Denver Nuggets,107,Los Angeles Clippers,98
12,"Wed, Oct 17, 2018",Dallas Mavericks,100,Phoenix Suns,121
13,"Thu, Oct 18, 2018",Chicago Bulls,108,Philadelphia 76ers,127
14,"Thu, Oct 18, 2018",Miami Heat,113,Washington Wizards,112
15,"Thu, Oct 18, 2018",Los Angeles Lakers,119,Portland Trail Blazers,128
16,"Fri, Oct 19, 2018",Charlotte Hornets,120,Orlando Magic,88
17,"Fri, Oct 19, 2018",New York Knicks,105,Brooklyn Nets,107
18,"Fri, Oct 19, 2018",Atlanta Hawks,117,Memphis Grizzlies,131
19,"Fri, Oct 19, 2018",Cleveland Cavaliers,123,Minnesota Timberwolves,131
20,"Fri, Oct 19, 2018",Sacramento Kings,129,New Orleans Pelicans,149
21,"Fri, Oct 19, 2018",Boston Celtics,101,Toronto Raptors,113
22,"Fri, Oct 19, 2018",Indiana Pacers,101,Milwaukee Bucks,118
23,"Fri, Oct 19, 2018",Oklahoma City Thunder,92,Los Angeles Clippers,108
24,"Fri, Oct 19, 2018",Golden State Warriors,124,Utah Jazz,123
25,"Sat, Oct 20, 2018",Brooklyn Nets,112,Indiana Pacers,132
26,"Sat, Oct 20, 2018",Toronto Raptors,117,Washington Wizards,113
27,"Sat, Oct 20, 2018",Boston Celtics,103,New York Knicks,101
28,"Sat, Oct 20, 2018",Orlando Magic,115,Philadelphia 76ers,116
29,"Sat, Oct 20, 2018",Detroit Pistons,118,Chicago Bulls,116
30,"Sat, Oct 20, 2018",Charlotte Hornets,113,Miami Heat,112
31,"Sat, Oct 20, 2018",Minnesota Timberwolves,136,Dallas Mavericks,140
32,"Sat, Oct 20, 2018",Phoenix Suns,91,Denver Nuggets,119
33,"Sat, Oct 20, 2018",San Antonio Spurs,108,Portland Trail Blazers,121
34,"Sat, Oct 20, 2018",Houston Rockets,124,Los Angeles Lakers,115
35,"Sun, Oct 21, 2018",Atlanta Hawks,133,Cleveland Cavaliers,111
36,"Sun, Oct 21, 2018",Sacramento Kings,131,Oklahoma City Thunder,120
37,"Sun, Oct 21, 2018",Golden State Warriors,98,Denver Nuggets,100
38,"Sun, Oct 21, 2018",Houston Rockets,112,Los Angeles Clippers,115
39,"Mon, Oct 22, 2018",Orlando Magic,93,Boston Celtics,90
40,"Mon, Oct 22, 2018",Charlotte Hornets,106,Toronto Raptors,127
41,"Mon, Oct 22, 2018",New York Knicks,113,Milwaukee Bucks,124
42,"Mon, Oct 22, 2018",Indiana Pacers,91,Minnesota Timberwolves,101
43,"Mon, Oct 22, 2018",Chicago Bulls,109,Dallas Mavericks,115
44,"Mon, Oct 22, 2018",Memphis Grizzlies,92,Utah Jazz,84
45,"Mon, Oct 22, 2018",Washington Wizards,125,Portland Trail Blazers,124
46,"Mon, Oct 22, 2018",Phoenix Suns,103,Golden State Warriors,123
47,"Mon, Oct 22, 2018",San Antonio Spurs,143,Los Angeles Lakers,142
48,"Tue, Oct 23, 2018",Philadelphia 76ers,132,Detroit Pistons,133
49,"Tue, Oct 23, 2018",Los Angeles Clippers,109,New Orleans Pelicans,116
50,"Tue, Oct 23, 2018",Sacramento Kings,112,Denver Nuggets,126
51,"Wed, Oct 24, 2018",Dallas Mavericks,104,Atlanta Hawks,111
52,"Wed, Oct 24, 2018",Brooklyn Nets,102,Cleveland Cavaliers,86
53,"Wed, Oct 24, 2018",New York Knicks,87,Miami Heat,110
54,"Wed, Oct 24, 2018",Minnesota Timberwolves,105,Toronto Raptors,112
55,"Wed, Oct 24, 2018",Charlotte Hornets,110,Chicago Bulls,112
56,"Wed, Oct 24, 2018",Utah Jazz,100,Houston Rockets,89
57,"Wed, Oct 24, 2018",Indiana Pacers,116,San Antonio Spurs,96
58,"Wed, Oct 24, 2018",Philadelphia 76ers,108,Milwaukee Bucks,123
59,"Wed, Oct 24, 2018",Los Angeles Lakers,131,Phoenix Suns,113
60,"Wed, Oct 24, 2018",Memphis Grizzlies,92,Sacramento Kings,97
61,"Wed, Oct 24, 2018",Washington Wizards,122,Golden State Warriors,144
62,"Thu, Oct 25, 2018",Cleveland Cavaliers,103,Detroit Pistons,110
63,"Thu, Oct 25, 2018",Portland Trail Blazers,128,Orlando Magic,114
64,"Thu, Oct 25, 2018",Boston Celtics,101,Oklahoma City Thunder,95
65,"Thu, Oct 25, 2018",Denver Nuggets,114,Los Angeles Lakers,121
66,"Fri, Oct 26, 2018",Chicago Bulls,106,Charlotte Hornets,135
67,"Fri, Oct 26, 2018",Golden State Warriors,128,New York Knicks,100
68,"Fri, Oct 26, 2018",Dallas Mavericks,107,Toronto Raptors,116
69,"Fri, Oct 26, 2018",Los Angeles Clippers,133,Houston Rockets,113
70,"Fri, Oct 26, 2018",Milwaukee Bucks,125,Minnesota Timberwolves,95
71,"Fri, Oct 26, 2018",Brooklyn Nets,115,New Orleans Pelicans,117
72,"Fri, Oct 26, 2018",Washington Wizards,112,Sacramento Kings,116
73,"Sat, Oct 27, 2018",Boston Celtics,109,Detroit Pistons,89
74,"Sat, Oct 27, 2018",Utah Jazz,132,New Orleans Pelicans,111
75,"Sat, Oct 27, 2018",Chicago Bulls,97,Atlanta Hawks,85
76,"Sat, Oct 27, 2018",Indiana Pacers,119,Cleveland Cavaliers,107
77,"Sat, Oct 27, 2018",Charlotte Hornets,103,Philadelphia 76ers,105
78,"Sat, Oct 27, 2018",Phoenix Suns,96,Memphis Grizzlies,117
79,"Sat, Oct 27, 2018",Portland Trail Blazers,111,Miami Heat,120
80,"Sat, Oct 27, 2018",Orlando Magic,91,Milwaukee Bucks,113
81,"Sat, Oct 27, 2018",Los Angeles Lakers,106,San Antonio Spurs,110
82,"Sun, Oct 28, 2018",Golden State Warriors,120,Brooklyn Nets,114
83,"Sun, Oct 28, 2018",Utah Jazz,113,Dallas Mavericks,104
84,"Sun, Oct 28, 2018",Phoenix Suns,110,Oklahoma City Thunder,117
85,"Sun, Oct 28, 2018",Washington Wizards,104,Los Angeles Clippers,136
86,"Mon, Oct 29, 2018",Portland Trail Blazers,103,Indiana Pacers,93
87,"Mon, Oct 29, 2018",Atlanta Hawks,92,Philadelphia 76ers,113
88,"Mon, Oct 29, 2018",Sacramento Kings,123,Miami Heat,113
89,"Mon, Oct 29, 2018",Brooklyn Nets,96,New York Knicks,115
90,"Mon, Oct 29, 2018",Golden State Warriors,149,Chicago Bulls,124
91,"Mon, Oct 29, 2018",Toronto Raptors,109,Milwaukee Bucks,124
92,"Mon, Oct 29, 2018",Los Angeles Lakers,120,Minnesota Timberwolves,124
93,"Mon, Oct 29, 2018",Dallas Mavericks,108,San Antonio Spurs,113
94,"Mon, Oct 29, 2018",New Orleans Pelicans,111,Denver Nuggets,116
95,"Tue, Oct 30, 2018",Miami Heat,113,Charlotte Hornets,125
96,"Tue, Oct 30, 2018",Atlanta Hawks,114,Cleveland Cavaliers,136
97,"Tue, Oct 30, 2018",Sacramento Kings,107,Orlando Magic,99
98,"Tue, Oct 30, 2018",Detroit Pistons,105,Boston Celtics,108
99,"Tue, Oct 30, 2018",Philadelphia 76ers,112,Toronto Raptors,129
100,"Tue, Oct 30, 2018",Portland Trail Blazers,104,Houston Rockets,85
101,"Tue, Oct 30, 2018",Washington Wizards,95,Memphis Grizzlies,107
102,"Tue, Oct 30, 2018",Los Angeles Clippers,110,Oklahoma City Thunder,128
103,"Wed, Oct 31, 2018",Detroit Pistons,119,Brooklyn Nets,120
104,"Wed, Oct 31, 2018",Denver Nuggets,108,Chicago Bulls,107
105,"Wed, Oct 31, 2018",Utah Jazz,125,Minnesota Timberwolves,128
106,"Wed, Oct 31, 2018",Indiana Pacers,107,New York Knicks,101
107,"Wed, Oct 31, 2018",New Orleans Pelicans,121,Golden State Warriors,131
108,"Wed, Oct 31, 2018",Dallas Mavericks,113,Los Angeles Lakers,114
109,"Wed, Oct 31, 2018",San Antonio Spurs,120,Phoenix Suns,90
110,"Thu, Nov 1, 2018",Oklahoma City Thunder,111,Charlotte Hornets,107
111,"Thu, Nov 1, 2018",Denver Nuggets,110,Cleveland Cavaliers,91
112,"Thu, Nov 1, 2018",Los Angeles Clippers,113,Philadelphia 76ers,122
113,"Thu, Nov 1, 2018",Sacramento Kings,146,Atlanta Hawks,115
114,"Thu, Nov 1, 2018",Milwaukee Bucks,113,Boston Celtics,117
115,"Thu, Nov 1, 2018",New Orleans Pelicans,119,Portland Trail Blazers,132
116,"Fri, Nov 2, 2018",Los Angeles Clippers,120,Orlando Magic,95
117,"Fri, Nov 2, 2018",Houston Rockets,119,Brooklyn Nets,111
118,"Fri, Nov 2, 2018",Indiana Pacers,107,Chicago Bulls,105
119,"Fri, Nov 2, 2018",Oklahoma City Thunder,134,Washington Wizards,111
120,"Fri, Nov 2, 2018",New York Knicks,118,Dallas Mavericks,106
121,"Fri, Nov 2, 2018",Memphis Grizzlies,110,Utah Jazz,100
122,"Fri, Nov 2, 2018",Toronto Raptors,107,Phoenix Suns,98
123,"Fri, Nov 2, 2018",Minnesota Timberwolves,99,Golden State Warriors,116
124,"Sat, Nov 3, 2018",Detroit Pistons,99,Philadelphia 76ers,109
125,"Sat, Nov 3, 2018",Cleveland Cavaliers,94,Charlotte Hornets,126
126,"Sat, Nov 3, 2018",Boston Celtics,101,Indiana Pacers,102
127,"Sat, Nov 3, 2018",Miami Heat,118,Atlanta Hawks,123
128,"Sat, Nov 3, 2018",Houston Rockets,96,Chicago Bulls,88
129,"Sat, Nov 3, 2018",New Orleans Pelicans,95,San Antonio Spurs,109
130,"Sat, Nov 3, 2018",Utah Jazz,88,Denver Nuggets,103
131,"Sat, Nov 3, 2018",Los Angeles Lakers,114,Portland Trail Blazers,110
132,"Sun, Nov 4, 2018",Sacramento Kings,109,Milwaukee Bucks,144
133,"Sun, Nov 4, 2018",Philadelphia 76ers,97,Brooklyn Nets,122
134,"Sun, Nov 4, 2018",New York Knicks,95,Washington Wizards,108
135,"Sun, Nov 4, 2018",Orlando Magic,117,San Antonio Spurs,110
136,"Sun, Nov 4, 2018",Memphis Grizzlies,100,Phoenix Suns,102
137,"Sun, Nov 4, 2018",Minnesota Timberwolves,81,Portland Trail Blazers,111
138,"Sun, Nov 4, 2018",Toronto Raptors,121,Los Angeles Lakers,107
139,"Mon, Nov 5, 2018",Miami Heat,120,Detroit Pistons,115
140,"Mon, Nov 5, 2018",Houston Rockets,98,Indiana Pacers,94
141,"Mon, Nov 5, 2018",Cleveland Cavaliers,100,Orlando Magic,102
142,"Mon, Nov 5, 2018",Chicago Bulls,116,New York Knicks,115
143,"Mon, Nov 5, 2018",New Orleans Pelicans,116,Oklahoma City Thunder,122
144,"Mon, Nov 5, 2018",Boston Celtics,107,Denver Nuggets,115
145,"Mon, Nov 5, 2018",Toronto Raptors,124,Utah Jazz,111
146,"Mon, Nov 5, 2018",Memphis Grizzlies,101,Golden State Warriors,117
147,"Mon, Nov 5, 2018",Minnesota Timberwolves,109,Los Angeles Clippers,120
148,"Tue, Nov 6, 2018",Atlanta Hawks,102,Charlotte Hornets,113
149,"Tue, Nov 6, 2018",Washington Wizards,100,Dallas Mavericks,119
150,"Tue, Nov 6, 2018",Brooklyn Nets,104,Phoenix Suns,82
151,"Tue, Nov 6, 2018",Milwaukee Bucks,103,Portland Trail Blazers,118
152,"Wed, Nov 7, 2018",Oklahoma City Thunder,95,Cleveland Cavaliers,86
153,"Wed, Nov 7, 2018",Detroit Pistons,103,Orlando Magic,96
154,"Wed, Nov 7, 2018",New York Knicks,112,Atlanta Hawks,107
155,"Wed, Nov 7, 2018",San Antonio Spurs,88,Miami Heat,95
156,"Wed, Nov 7, 2018",Philadelphia 76ers,100,Indiana Pacers,94
157,"Wed, Nov 7, 2018",Denver Nuggets,87,Memphis Grizzlies,89
158,"Wed, Nov 7, 2018",Chicago Bulls,98,New Orleans Pelicans,107
159,"Wed, Nov 7, 2018",Dallas Mavericks,102,Utah Jazz,117
160,"Wed, Nov 7, 2018",Toronto Raptors,114,Sacramento Kings,105
161,"Wed, Nov 7, 2018",Minnesota Timberwolves,110,Los Angeles Lakers,114
162,"Thu, Nov 8, 2018",Houston Rockets,80,Oklahoma City Thunder,98
163,"Thu, Nov 8, 2018",Boston Celtics,116,Phoenix Suns,109
164,"Thu, Nov 8, 2018",Los Angeles Clippers,105,Portland Trail Blazers,116
165,"Thu, Nov 8, 2018",Milwaukee Bucks,134,Golden State Warriors,111
166,"Fri, Nov 9, 2018",Washington Wizards,108,Orlando Magic,117
167,"Fri, Nov 9, 2018",Charlotte Hornets,132,Philadelphia 76ers,133
168,"Fri, Nov 9, 2018",Detroit Pistons,124,Atlanta Hawks,109
169,"Fri, Nov 9, 2018",Indiana Pacers,110,Miami Heat,102
170,"Fri, Nov 9, 2018",Brooklyn Nets,112,Denver Nuggets,110
171,"Fri, Nov 9, 2018",Boston Celtics,115,Utah Jazz,123
172,"Fri, Nov 9, 2018",Minnesota Timberwolves,110,Sacramento Kings,121
173,"Sat, Nov 10, 2018",New York Knicks,112,Toronto Raptors,128
174,"Sat, Nov 10, 2018",Milwaukee Bucks,126,Los Angeles Clippers,128
175,"Sat, Nov 10, 2018",Phoenix Suns,99,New Orleans Pelicans,119
176,"Sat, Nov 10, 2018",Cleveland Cavaliers,98,Chicago Bulls,99
177,"Sat, Nov 10, 2018",Philadelphia 76ers,106,Memphis Grizzlies,112
178,"Sat, Nov 10, 2018",Washington Wizards,116,Miami Heat,110
179,"Sat, Nov 10, 2018",Brooklyn Nets,100,Golden State Warriors,116
180,"Sat, Nov 10, 2018",Houston Rockets,89,San Antonio Spurs,96
181,"Sat, Nov 10, 2018",Oklahoma City Thunder,96,Dallas Mavericks,111
182,"Sat, Nov 10, 2018",Los Angeles Lakers,101,Sacramento Kings,86
183,"Sun, Nov 11, 2018",Charlotte Hornets,113,Detroit Pistons,103
184,"Sun, Nov 11, 2018",Indiana Pacers,103,Houston Rockets,115
185,"Sun, Nov 11, 2018",Orlando Magic,115,New York Knicks,89
186,"Sun, Nov 11, 2018",Milwaukee Bucks,121,Denver Nuggets,114
187,"Sun, Nov 11, 2018",Boston Celtics,94,Portland Trail Blazers,100
188,"Sun, Nov 11, 2018",Atlanta Hawks,106,Los Angeles Lakers,107
189,"Mon, Nov 12, 2018",Orlando Magic,109,Washington Wizards,117
190,"Mon, Nov 12, 2018",Philadelphia 76ers,124,Miami Heat,114
191,"Mon, Nov 12, 2018",New Orleans Pelicans,126,Toronto Raptors,110
192,"Mon, Nov 12, 2018",Dallas Mavericks,103,Chicago Bulls,98
193,"Mon, Nov 12, 2018",Utah Jazz,96,Memphis Grizzlies,88
194,"Mon, Nov 12, 2018",Brooklyn Nets,113,Minnesota Timberwolves,120
195,"Mon, Nov 12, 2018",Phoenix Suns,101,Oklahoma City Thunder,118
196,"Mon, Nov 12, 2018",San Antonio Spurs,99,Sacramento Kings,104
197,"Mon, Nov 12, 2018",Golden State Warriors,116,Los Angeles Clippers,121
198,"Tue, Nov 13, 2018",Charlotte Hornets,89,Cleveland Cavaliers,113
199,"Tue, Nov 13, 2018",Houston Rockets,109,Denver Nuggets,99
200,"Tue, Nov 13, 2018",Atlanta Hawks,103,Golden State Warriors,110
201,"Wed, Nov 14, 2018",Philadelphia 76ers,106,Orlando Magic,111
202,"Wed, Nov 14, 2018",Cleveland Cavaliers,95,Washington Wizards,119
203,"Wed, Nov 14, 2018",Chicago Bulls,82,Boston Celtics,111
204,"Wed, Nov 14, 2018",Miami Heat,120,Brooklyn Nets,107
205,"Wed, Nov 14, 2018",Detroit Pistons,106,Toronto Raptors,104
206,"Wed, Nov 14, 2018",Memphis Grizzlies,116,Milwaukee Bucks,113
207,"Wed, Nov 14, 2018",New Orleans Pelicans,100,Minnesota Timberwolves,107
208,"Wed, Nov 14, 2018",New York Knicks,103,Oklahoma City Thunder,128
209,"Wed, Nov 14, 2018",Utah Jazz,68,Dallas Mavericks,118
210,"Wed, Nov 14, 2018",San Antonio Spurs,96,Phoenix Suns,116
211,"Wed, Nov 14, 2018",Portland Trail Blazers,117,Los Angeles Lakers,126
212,"Thu, Nov 15, 2018",Golden State Warriors,86,Houston Rockets,107
213,"Thu, Nov 15, 2018",Atlanta Hawks,93,Denver Nuggets,138
214,"Thu, Nov 15, 2018",San Antonio Spurs,111,Los Angeles Clippers,116
215,"Fri, Nov 16, 2018",Toronto Raptors,116,Boston Celtics,123
216,"Fri, Nov 16, 2018",Miami Heat,91,Indiana Pacers,99
217,"Fri, Nov 16, 2018",Utah Jazz,107,Philadelphia 76ers,113
218,"Fri, Nov 16, 2018",Brooklyn Nets,115,Washington Wizards,104
219,"Fri, Nov 16, 2018",Sacramento Kings,104,Memphis Grizzlies,112
220,"Fri, Nov 16, 2018",Portland Trail Blazers,96,Minnesota Timberwolves,112
221,"Fri, Nov 16, 2018",New York Knicks,124,New Orleans Pelicans,129
222,"Fri, Nov 16, 2018",Chicago Bulls,104,Milwaukee Bucks,123
223,"Sat, Nov 17, 2018",Los Angeles Clippers,127,Brooklyn Nets,119
224,"Sat, Nov 17, 2018",Philadelphia 76ers,122,Charlotte Hornets,119
225,"Sat, Nov 17, 2018",Atlanta Hawks,89,Indiana Pacers,97
226,"Sat, Nov 17, 2018",Denver Nuggets,115,New Orleans Pelicans,125
227,"Sat, Nov 17, 2018",Los Angeles Lakers,117,Orlando Magic,130
228,"Sat, Nov 17, 2018",Utah Jazz,98,Boston Celtics,86
229,"Sat, Nov 17, 2018",Toronto Raptors,122,Chicago Bulls,83
230,"Sat, Nov 17, 2018",Sacramento Kings,112,Houston Rockets,132
231,"Sat, Nov 17, 2018",Golden State Warriors,109,Dallas Mavericks,112
232,"Sat, Nov 17, 2018",Oklahoma City Thunder,110,Phoenix Suns,100
233,"Sun, Nov 18, 2018",Memphis Grizzlies,100,Minnesota Timberwolves,87
234,"Sun, Nov 18, 2018",Los Angeles Lakers,113,Miami Heat,97
235,"Sun, Nov 18, 2018",New York Knicks,117,Orlando Magic,131
236,"Sun, Nov 18, 2018",Portland Trail Blazers,119,Washington Wizards,109
237,"Sun, Nov 18, 2018",Golden State Warriors,92,San Antonio Spurs,104
238,"Mon, Nov 19, 2018",Boston Celtics,112,Charlotte Hornets,117
239,"Mon, Nov 19, 2018",Cleveland Cavaliers,102,Detroit Pistons,113
240,"Mon, Nov 19, 2018",Utah Jazz,94,Indiana Pacers,121
241,"Mon, Nov 19, 2018",Phoenix Suns,114,Philadelphia 76ers,119
242,"Mon, Nov 19, 2018",Los Angeles Clippers,127,Atlanta Hawks,119
243,"Mon, Nov 19, 2018",Dallas Mavericks,88,Memphis Grizzlies,98
244,"Mon, Nov 19, 2018",Denver Nuggets,98,Milwaukee Bucks,104
245,"Mon, Nov 19, 2018",San Antonio Spurs,126,New Orleans Pelicans,140
246,"Mon, Nov 19, 2018",Oklahoma City Thunder,113,Sacramento Kings,117
247,"Tue, Nov 20, 2018",Toronto Raptors,93,Orlando Magic,91
248,"Tue, Nov 20, 2018",Los Angeles Clippers,118,Washington Wizards,125
249,"Tue, Nov 20, 2018",Brooklyn Nets,104,Miami Heat,92
250,"Tue, Nov 20, 2018",Portland Trail Blazers,118,New York Knicks,114
251,"Wed, Nov 21, 2018",Indiana Pacers,109,Charlotte Hornets,127
252,"Wed, Nov 21, 2018",New Orleans Pelicans,120,Philadelphia 76ers,121
253,"Wed, Nov 21, 2018",Toronto Raptors,124,Atlanta Hawks,108
254,"Wed, Nov 21, 2018",New York Knicks,117,Boston Celtics,109
255,"Wed, Nov 21, 2018",Phoenix Suns,116,Chicago Bulls,124
256,"Wed, Nov 21, 2018",Los Angeles Lakers,109,Cleveland Cavaliers,105
257,"Wed, Nov 21, 2018",Detroit Pistons,124,Houston Rockets,126
258,"Wed, Nov 21, 2018",Portland Trail Blazers,100,Milwaukee Bucks,143
259,"Wed, Nov 21, 2018",Denver Nuggets,103,Minnesota Timberwolves,101
260,"Wed, Nov 21, 2018",Brooklyn Nets,113,Dallas Mavericks,119
261,"Wed, Nov 21, 2018",Memphis Grizzlies,104,San Antonio Spurs,103
262,"Wed, Nov 21, 2018",Sacramento Kings,119,Utah Jazz,110
263,"Wed, Nov 21, 2018",Oklahoma City Thunder,123,Golden State Warriors,95
264,"Fri, Nov 23, 2018",Minnesota Timberwolves,112,Brooklyn Nets,102
265,"Fri, Nov 23, 2018",Memphis Grizzlies,107,Los Angeles Clippers,112
266,"Fri, Nov 23, 2018",Houston Rockets,111,Detroit Pistons,116
267,"Fri, Nov 23, 2018",Boston Celtics,114,Atlanta Hawks,96
268,"Fri, Nov 23, 2018",New Orleans Pelicans,109,New York Knicks,114
269,"Fri, Nov 23, 2018",Cleveland Cavaliers,121,Philadelphia 76ers,112
270,"Fri, Nov 23, 2018",Washington Wizards,107,Toronto Raptors,125
271,"Fri, Nov 23, 2018",Miami Heat,103,Chicago Bulls,96
272,"Fri, Nov 23, 2018",San Antonio Spurs,111,Indiana Pacers,100
273,"Fri, Nov 23, 2018",Charlotte Hornets,104,Oklahoma City Thunder,109
274,"Fri, Nov 23, 2018",Phoenix Suns,116,Milwaukee Bucks,114
275,"Fri, Nov 23, 2018",Orlando Magic,87,Denver Nuggets,112
276,"Fri, Nov 23, 2018",Portland Trail Blazers,97,Golden State Warriors,125
277,"Fri, Nov 23, 2018",Utah Jazz,83,Los Angeles Lakers,90
278,"Sat, Nov 24, 2018",Houston Rockets,108,Cleveland Cavaliers,117
279,"Sat, Nov 24, 2018",Chicago Bulls,96,Minnesota Timberwolves,111
280,"Sat, Nov 24, 2018",Denver Nuggets,105,Oklahoma City Thunder,98
281,"Sat, Nov 24, 2018",New Orleans Pelicans,114,Washington Wizards,124
282,"Sat, Nov 24, 2018",Boston Celtics,104,Dallas Mavericks,113
283,"Sat, Nov 24, 2018",Sacramento Kings,116,Golden State Warriors,117
284,"Sat, Nov 24, 2018",San Antonio Spurs,129,Milwaukee Bucks,135
285,"Sun, Nov 25, 2018",Orlando Magic,108,Los Angeles Lakers,104
286,"Sun, Nov 25, 2018",Phoenix Suns,107,Detroit Pistons,118
287,"Sun, Nov 25, 2018",Charlotte Hornets,123,Atlanta Hawks,124
288,"Sun, Nov 25, 2018",Philadelphia 76ers,127,Brooklyn Nets,125
289,"Sun, Nov 25, 2018",New York Knicks,103,Memphis Grizzlies,98
290,"Sun, Nov 25, 2018",Miami Heat,115,Toronto Raptors,125
291,"Sun, Nov 25, 2018",Utah Jazz,133,Sacramento Kings,112
292,"Sun, Nov 25, 2018",Los Angeles Clippers,104,Portland Trail Blazers,100
293,"Mon, Nov 26, 2018",Milwaukee Bucks,107,Charlotte Hornets,110
294,"Mon, Nov 26, 2018",Minnesota Timberwolves,102,Cleveland Cavaliers,95
295,"Mon, Nov 26, 2018",Houston Rockets,131,Washington Wizards,135
296,"Mon, Nov 26, 2018",San Antonio Spurs,108,Chicago Bulls,107
297,"Mon, Nov 26, 2018",Boston Celtics,124,New Orleans Pelicans,107
298,"Mon, Nov 26, 2018",Indiana Pacers,121,Utah Jazz,88
299,"Mon, Nov 26, 2018",Orlando Magic,110,Golden State Warriors,116
300,"Tue, Nov 27, 2018",New York Knicks,108,Detroit Pistons,115
301,"Tue, Nov 27, 2018",Atlanta Hawks,115,Miami Heat,113
302,"Tue, Nov 27, 2018",Toronto Raptors,122,Memphis Grizzlies,114
303,"Tue, Nov 27, 2018",Los Angeles Lakers,85,Denver Nuggets,117
304,"Tue, Nov 27, 2018",Indiana Pacers,109,Phoenix Suns,104
305,"Wed, Nov 28, 2018",Atlanta Hawks,94,Charlotte Hornets,108
306,"Wed, Nov 28, 2018",New York Knicks,91,Philadelphia 76ers,117
307,"Wed, Nov 28, 2018",Utah Jazz,101,Brooklyn Nets,91
308,"Wed, Nov 28, 2018",Dallas Mavericks,128,Houston Rockets,108
309,"Wed, Nov 28, 2018",Chicago Bulls,113,Milwaukee Bucks,116
310,"Wed, Nov 28, 2018",San Antonio Spurs,89,Minnesota Timberwolves,128
311,"Wed, Nov 28, 2018",Washington Wizards,104,New Orleans Pelicans,125
312,"Wed, Nov 28, 2018",Cleveland Cavaliers,83,Oklahoma City Thunder,100
313,"Wed, Nov 28, 2018",Orlando Magic,112,Portland Trail Blazers,115
314,"Wed, Nov 28, 2018",Phoenix Suns,99,Los Angeles Clippers,115
315,"Thu, Nov 29, 2018",Golden State Warriors,128,Toronto Raptors,131
316,"Thu, Nov 29, 2018",Indiana Pacers,96,Los Angeles Lakers,104
317,"Thu, Nov 29, 2018",Los Angeles Clippers,133,Sacramento Kings,121
318,"Fri, Nov 30, 2018",Cleveland Cavaliers,95,Boston Celtics,128
319,"Fri, Nov 30, 2018",Utah Jazz,119,Charlotte Hornets,111
320,"Fri, Nov 30, 2018",Chicago Bulls,88,Detroit Pistons,107
321,"Fri, Nov 30, 2018",Washington Wizards,98,Philadelphia 76ers,123
322,"Fri, Nov 30, 2018",Memphis Grizzlies,131,Brooklyn Nets,125
323,"Fri, Nov 30, 2018",New Orleans Pelicans,101,Miami Heat,106
324,"Fri, Nov 30, 2018",Atlanta Hawks,109,Oklahoma City Thunder,124
325,"Fri, Nov 30, 2018",Houston Rockets,136,San Antonio Spurs,105
326,"Fri, Nov 30, 2018",Orlando Magic,99,Phoenix Suns,85
327,"Fri, Nov 30, 2018",Dallas Mavericks,103,Los Angeles Lakers,114
328,"Fri, Nov 30, 2018",Denver Nuggets,113,Portland Trail Blazers,112
329,"Sat, Dec 1, 2018",Milwaukee Bucks,134,New York Knicks,136
330,"Sat, Dec 1, 2018",Golden State Warriors,102,Detroit Pistons,111
331,"Sat, Dec 1, 2018",Brooklyn Nets,88,Washington Wizards,102
332,"Sat, Dec 1, 2018",Toronto Raptors,106,Cleveland Cavaliers,95
333,"Sat, Dec 1, 2018",Chicago Bulls,105,Houston Rockets,121
334,"Sat, Dec 1, 2018",Boston Celtics,118,Minnesota Timberwolves,109
335,"Sat, Dec 1, 2018",Indiana Pacers,110,Sacramento Kings,111
336,"Sun, Dec 2, 2018",Phoenix Suns,96,Los Angeles Lakers,120
337,"Sun, Dec 2, 2018",New Orleans Pelicans,119,Charlotte Hornets,109
338,"Sun, Dec 2, 2018",Utah Jazz,100,Miami Heat,102
339,"Sun, Dec 2, 2018",Memphis Grizzlies,95,Philadelphia 76ers,103
340,"Sun, Dec 2, 2018",Los Angeles Clippers,110,Dallas Mavericks,114
341,"Sun, Dec 2, 2018",Portland Trail Blazers,118,San Antonio Spurs,131
342,"Mon, Dec 3, 2018",Oklahoma City Thunder,110,Detroit Pistons,83
343,"Mon, Dec 3, 2018",Golden State Warriors,128,Atlanta Hawks,111
344,"Mon, Dec 3, 2018",Cleveland Cavaliers,99,Brooklyn Nets,97
345,"Mon, Dec 3, 2018",Washington Wizards,110,New York Knicks,107
346,"Mon, Dec 3, 2018",Denver Nuggets,106,Toronto Raptors,103
347,"Mon, Dec 3, 2018",Houston Rockets,91,Minnesota Timberwolves,103
348,"Mon, Dec 3, 2018",Los Angeles Clippers,129,New Orleans Pelicans,126
349,"Tue, Dec 4, 2018",Chicago Bulls,90,Indiana Pacers,96
350,"Tue, Dec 4, 2018",Orlando Magic,105,Miami Heat,90
351,"Tue, Dec 4, 2018",Portland Trail Blazers,102,Dallas Mavericks,111
352,"Tue, Dec 4, 2018",Sacramento Kings,122,Phoenix Suns,105
353,"Tue, Dec 4, 2018",San Antonio Spurs,105,Utah Jazz,139
354,"Wed, Dec 5, 2018",Golden State Warriors,129,Cleveland Cavaliers,105
355,"Wed, Dec 5, 2018",Denver Nuggets,124,Orlando Magic,118
356,"Wed, Dec 5, 2018",Washington Wizards,131,Atlanta Hawks,117
357,"Wed, Dec 5, 2018",Oklahoma City Thunder,114,Brooklyn Nets,112
358,"Wed, Dec 5, 2018",Los Angeles Clippers,86,Memphis Grizzlies,96
359,"Wed, Dec 5, 2018",Detroit Pistons,92,Milwaukee Bucks,115
360,"Wed, Dec 5, 2018",Charlotte Hornets,104,Minnesota Timberwolves,121
361,"Wed, Dec 5, 2018",Dallas Mavericks,106,New Orleans Pelicans,132
362,"Wed, Dec 5, 2018",Philadelphia 76ers,102,Toronto Raptors,113
363,"Wed, Dec 5, 2018",San Antonio Spurs,113,Los Angeles Lakers,121
364,"Thu, Dec 6, 2018",New York Knicks,100,Boston Celtics,128
365,"Thu, Dec 6, 2018",Phoenix Suns,86,Portland Trail Blazers,108
366,"Thu, Dec 6, 2018",Houston Rockets,91,Utah Jazz,118
367,"Fri, Dec 7, 2018",Denver Nuggets,107,Charlotte Hornets,113
368,"Fri, Dec 7, 2018",Philadelphia 76ers,117,Detroit Pistons,111
369,"Fri, Dec 7, 2018",Indiana Pacers,112,Orlando Magic,90
370,"Fri, Dec 7, 2018",Toronto Raptors,105,Brooklyn Nets,106
371,"Fri, Dec 7, 2018",Sacramento Kings,129,Cleveland Cavaliers,110
372,"Fri, Dec 7, 2018",Oklahoma City Thunder,112,Chicago Bulls,114
373,"Fri, Dec 7, 2018",Memphis Grizzlies,107,New Orleans Pelicans,103
374,"Fri, Dec 7, 2018",Los Angeles Lakers,120,San Antonio Spurs,133
375,"Fri, Dec 7, 2018",Miami Heat,115,Phoenix Suns,98
376,"Fri, Dec 7, 2018",Golden State Warriors,105,Milwaukee Bucks,95
377,"Sat, Dec 8, 2018",Houston Rockets,104,Dallas Mavericks,107
378,"Sat, Dec 8, 2018",Sacramento Kings,97,Indiana Pacers,107
379,"Sat, Dec 8, 2018",Denver Nuggets,98,Atlanta Hawks,106
380,"Sat, Dec 8, 2018",Washington Wizards,101,Cleveland Cavaliers,116
381,"Sat, Dec 8, 2018",Brooklyn Nets,112,New York Knicks,104
382,"Sat, Dec 8, 2018",Boston Celtics,133,Chicago Bulls,77
383,"Sat, Dec 8, 2018",Los Angeles Lakers,111,Memphis Grizzlies,88
384,"Sat, Dec 8, 2018",Minnesota Timberwolves,105,Portland Trail Blazers,113
385,"Sat, Dec 8, 2018",Miami Heat,121,Los Angeles Clippers,98
386,"Sun, Dec 9, 2018",New Orleans Pelicans,116,Detroit Pistons,108
387,"Sun, Dec 9, 2018",Milwaukee Bucks,104,Toronto Raptors,99
388,"Sun, Dec 9, 2018",Utah Jazz,97,San Antonio Spurs,110
389,"Sun, Dec 9, 2018",Charlotte Hornets,119,New York Knicks,107
390,"Mon, Dec 10, 2018",Washington Wizards,101,Indiana Pacers,109
391,"Mon, Dec 10, 2018",Detroit Pistons,102,Philadelphia 76ers,116
392,"Mon, Dec 10, 2018",New Orleans Pelicans,100,Boston Celtics,113
393,"Mon, Dec 10, 2018",Sacramento Kings,108,Chicago Bulls,89
394,"Mon, Dec 10, 2018",Cleveland Cavaliers,92,Milwaukee Bucks,108
395,"Mon, Dec 10, 2018",Utah Jazz,113,Oklahoma City Thunder,122
396,"Mon, Dec 10, 2018",Orlando Magic,76,Dallas Mavericks,101
397,"Mon, Dec 10, 2018",Memphis Grizzlies,99,Denver Nuggets,105
398,"Mon, Dec 10, 2018",Los Angeles Clippers,123,Phoenix Suns,119
399,"Mon, Dec 10, 2018",Minnesota Timberwolves,108,Golden State Warriors,116
400,"Mon, Dec 10, 2018",Miami Heat,105,Los Angeles Lakers,108
401,"Tue, Dec 11, 2018",Portland Trail Blazers,104,Houston Rockets,111
402,"Tue, Dec 11, 2018",Phoenix Suns,86,San Antonio Spurs,111
403,"Tue, Dec 11, 2018",Toronto Raptors,123,Los Angeles Clippers,99
404,"Wed, Dec 12, 2018",Detroit Pistons,107,Charlotte Hornets,108
405,"Wed, Dec 12, 2018",New York Knicks,106,Cleveland Cavaliers,113
406,"Wed, Dec 12, 2018",Milwaukee Bucks,97,Indiana Pacers,113
407,"Wed, Dec 12, 2018",Brooklyn Nets,127,Philadelphia 76ers,124
408,"Wed, Dec 12, 2018",Boston Celtics,130,Washington Wizards,125
409,"Wed, Dec 12, 2018",Portland Trail Blazers,83,Memphis Grizzlies,92
410,"Wed, Dec 12, 2018",Oklahoma City Thunder,114,New Orleans Pelicans,118
411,"Wed, Dec 12, 2018",Atlanta Hawks,107,Dallas Mavericks,114
412,"Wed, Dec 12, 2018",Miami Heat,84,Utah Jazz,111
413,"Wed, Dec 12, 2018",Minnesota Timberwolves,130,Sacramento Kings,141
414,"Wed, Dec 12, 2018",Toronto Raptors,113,Golden State Warriors,93
415,"Thu, Dec 13, 2018",Los Angeles Lakers,111,Houston Rockets,126
416,"Thu, Dec 13, 2018",Los Angeles Clippers,87,San Antonio Spurs,125
417,"Thu, Dec 13, 2018",Chicago Bulls,91,Orlando Magic,97
418,"Thu, Dec 13, 2018",Dallas Mavericks,89,Phoenix Suns,99
419,"Fri, Dec 14, 2018",Atlanta Hawks,108,Boston Celtics,129
420,"Fri, Dec 14, 2018",New York Knicks,126,Charlotte Hornets,124
421,"Fri, Dec 14, 2018",Washington Wizards,118,Brooklyn Nets,125
422,"Fri, Dec 14, 2018",Milwaukee Bucks,114,Cleveland Cavaliers,102
423,"Fri, Dec 14, 2018",Indiana Pacers,113,Philadelphia 76ers,101
424,"Fri, Dec 14, 2018",Miami Heat,100,Memphis Grizzlies,97
425,"Fri, Dec 14, 2018",Oklahoma City Thunder,98,Denver Nuggets,109
426,"Fri, Dec 14, 2018",Toronto Raptors,122,Portland Trail Blazers,128
427,"Fri, Dec 14, 2018",Golden State Warriors,130,Sacramento Kings,125
428,"Sat, Dec 15, 2018",Utah Jazz,89,Orlando Magic,96
429,"Sat, Dec 15, 2018",Los Angeles Lakers,128,Charlotte Hornets,100
430,"Sat, Dec 15, 2018",Boston Celtics,104,Detroit Pistons,113
431,"Sat, Dec 15, 2018",Houston Rockets,105,Memphis Grizzlies,97
432,"Sat, Dec 15, 2018",Chicago Bulls,98,San Antonio Spurs,93
433,"Sat, Dec 15, 2018",Los Angeles Clippers,104,Oklahoma City Thunder,110
434,"Sat, Dec 15, 2018",Minnesota Timberwolves,99,Phoenix Suns,107
435,"Sun, Dec 16, 2018",Atlanta Hawks,127,Brooklyn Nets,144
436,"Sun, Dec 16, 2018",Philadelphia 76ers,128,Cleveland Cavaliers,105
437,"Sun, Dec 16, 2018",New York Knicks,99,Indiana Pacers,110
438,"Sun, Dec 16, 2018",Los Angeles Lakers,110,Washington Wizards,128
439,"Sun, Dec 16, 2018",Sacramento Kings,120,Dallas Mavericks,113
440,"Sun, Dec 16, 2018",Miami Heat,102,New Orleans Pelicans,96
441,"Sun, Dec 16, 2018",Toronto Raptors,86,Denver Nuggets,95
442,"Mon, Dec 17, 2018",Milwaukee Bucks,107,Detroit Pistons,104
443,"Mon, Dec 17, 2018",Phoenix Suns,128,New York Knicks,110
444,"Mon, Dec 17, 2018",Utah Jazz,97,Houston Rockets,102
445,"Mon, Dec 17, 2018",Sacramento Kings,105,Minnesota Timberwolves,132
446,"Mon, Dec 17, 2018",Chicago Bulls,96,Oklahoma City Thunder,121
447,"Mon, Dec 17, 2018",Philadelphia 76ers,96,San Antonio Spurs,123
448,"Mon, Dec 17, 2018",Memphis Grizzlies,93,Golden State Warriors,110
449,"Mon, Dec 17, 2018",Portland Trail Blazers,131,Los Angeles Clippers,127
450,"Tue, Dec 18, 2018",Cleveland Cavaliers,92,Indiana Pacers,91
451,"Tue, Dec 18, 2018",Washington Wizards,110,Atlanta Hawks,118
452,"Tue, Dec 18, 2018",Los Angeles Lakers,110,Brooklyn Nets,115
453,"Tue, Dec 18, 2018",Dallas Mavericks,118,Denver Nuggets,126
454,"Wed, Dec 19, 2018",Cleveland Cavaliers,99,Charlotte Hornets,110
455,"Wed, Dec 19, 2018",San Antonio Spurs,129,Orlando Magic,90
456,"Wed, Dec 19, 2018",New York Knicks,109,Philadelphia 76ers,131
457,"Wed, Dec 19, 2018",Phoenix Suns,111,Boston Celtics,103
458,"Wed, Dec 19, 2018",Indiana Pacers,96,Toronto Raptors,99
459,"Wed, Dec 19, 2018",Brooklyn Nets,96,Chicago Bulls,93
460,"Wed, Dec 19, 2018",Washington Wizards,118,Houston Rockets,136
461,"Wed, Dec 19, 2018",New Orleans Pelicans,115,Milwaukee Bucks,123
462,"Wed, Dec 19, 2018",Detroit Pistons,129,Minnesota Timberwolves,123
463,"Wed, Dec 19, 2018",Golden State Warriors,103,Utah Jazz,108
464,"Wed, Dec 19, 2018",Memphis Grizzlies,92,Portland Trail Blazers,99
465,"Wed, Dec 19, 2018",Oklahoma City Thunder,132,Sacramento Kings,113
466,"Thu, Dec 20, 2018",Houston Rockets,99,Miami Heat,101
467,"Thu, Dec 20, 2018",Dallas Mavericks,121,Los Angeles Clippers,125
468,"Fri, Dec 21, 2018",Detroit Pistons,86,Charlotte Hornets,98
469,"Fri, Dec 21, 2018",Cleveland Cavaliers,110,Toronto Raptors,126
470,"Fri, Dec 21, 2018",Indiana Pacers,114,Brooklyn Nets,106
471,"Fri, Dec 21, 2018",Atlanta Hawks,114,New York Knicks,107
472,"Fri, Dec 21, 2018",Milwaukee Bucks,120,Boston Celtics,107
473,"Fri, Dec 21, 2018",Orlando Magic,80,Chicago Bulls,90
474,"Fri, Dec 21, 2018",Minnesota Timberwolves,98,San Antonio Spurs,124
475,"Fri, Dec 21, 2018",Utah Jazz,120,Portland Trail Blazers,90
476,"Fri, Dec 21, 2018",Memphis Grizzlies,99,Sacramento Kings,102
477,"Fri, Dec 21, 2018",New Orleans Pelicans,104,Los Angeles Lakers,112
478,"Sat, Dec 22, 2018",Denver Nuggets,111,Los Angeles Clippers,132
479,"Sat, Dec 22, 2018",Phoenix Suns,146,Washington Wizards,149
480,"Sat, Dec 22, 2018",Toronto Raptors,101,Philadelphia 76ers,126
481,"Sat, Dec 22, 2018",San Antonio Spurs,101,Houston Rockets,108
482,"Sat, Dec 22, 2018",Milwaukee Bucks,87,Miami Heat,94
483,"Sat, Dec 22, 2018",Dallas Mavericks,116,Golden State Warriors,120
484,"Sat, Dec 22, 2018",Oklahoma City Thunder,107,Utah Jazz,106
485,"Sun, Dec 23, 2018",Atlanta Hawks,98,Detroit Pistons,95
486,"Sun, Dec 23, 2018",Washington Wizards,89,Indiana Pacers,105
487,"Sun, Dec 23, 2018",Charlotte Hornets,103,Boston Celtics,119
488,"Sun, Dec 23, 2018",Phoenix Suns,103,Brooklyn Nets,111
489,"Sun, Dec 23, 2018",Chicago Bulls,112,Cleveland Cavaliers,92
490,"Sun, Dec 23, 2018",Miami Heat,115,Orlando Magic,91
491,"Sun, Dec 23, 2018",New Orleans Pelicans,117,Sacramento Kings,122
492,"Sun, Dec 23, 2018",Minnesota Timberwolves,114,Oklahoma City Thunder,112
493,"Sun, Dec 23, 2018",Los Angeles Clippers,127,Golden State Warriors,129
494,"Sun, Dec 23, 2018",Dallas Mavericks,118,Portland Trail Blazers,121
495,"Sun, Dec 23, 2018",Memphis Grizzlies,107,Los Angeles Lakers,99
496,"Tue, Dec 25, 2018",Milwaukee Bucks,109,New York Knicks,95
497,"Tue, Dec 25, 2018",Oklahoma City Thunder,109,Houston Rockets,113
498,"Tue, Dec 25, 2018",Philadelphia 76ers,114,Boston Celtics,121
499,"Tue, Dec 25, 2018",Los Angeles Lakers,127,Golden State Warriors,101
500,"Tue, Dec 25, 2018",Portland Trail Blazers,96,Utah Jazz,117
501,"Wed, Dec 26, 2018",Washington Wizards,95,Detroit Pistons,106
502,"Wed, Dec 26, 2018",Phoenix Suns,122,Orlando Magic,120
503,"Wed, Dec 26, 2018",Indiana Pacers,129,Atlanta Hawks,121
504,"Wed, Dec 26, 2018",Charlotte Hornets,132,Brooklyn Nets,134
505,"Wed, Dec 26, 2018",Toronto Raptors,106,Miami Heat,104
506,"Wed, Dec 26, 2018",Minnesota Timberwolves,119,Chicago Bulls,94
507,"Wed, Dec 26, 2018",Cleveland Cavaliers,87,Memphis Grizzlies,95
508,"Wed, Dec 26, 2018",New Orleans Pelicans,119,Dallas Mavericks,122
509,"Wed, Dec 26, 2018",Denver Nuggets,103,San Antonio Spurs,111
510,"Wed, Dec 26, 2018",Sacramento Kings,118,Los Angeles Clippers,127
511,"Thu, Dec 27, 2018",Boston Celtics,113,Houston Rockets,127
512,"Thu, Dec 27, 2018",New York Knicks,96,Milwaukee Bucks,112
513,"Thu, Dec 27, 2018",Los Angeles Lakers,116,Sacramento Kings,117
514,"Thu, Dec 27, 2018",Portland Trail Blazers,110,Golden State Warriors,109
515,"Thu, Dec 27, 2018",Philadelphia 76ers,114,Utah Jazz,97
516,"Fri, Dec 28, 2018",Brooklyn Nets,87,Charlotte Hornets,100
517,"Fri, Dec 28, 2018",Detroit Pistons,88,Indiana Pacers,125
518,"Fri, Dec 28, 2018",Toronto Raptors,87,Orlando Magic,116
519,"Fri, Dec 28, 2018",Chicago Bulls,101,Washington Wizards,92
520,"Fri, Dec 28, 2018",Cleveland Cavaliers,94,Miami Heat,118
521,"Fri, Dec 28, 2018",Atlanta Hawks,123,Minnesota Timberwolves,120
522,"Fri, Dec 28, 2018",Dallas Mavericks,112,New Orleans Pelicans,114
523,"Fri, Dec 28, 2018",San Antonio Spurs,99,Denver Nuggets,102
524,"Fri, Dec 28, 2018",Oklahoma City Thunder,118,Phoenix Suns,102
525,"Fri, Dec 28, 2018",Los Angeles Clippers,118,Los Angeles Lakers,107
526,"Sat, Dec 29, 2018",Brooklyn Nets,115,Milwaukee Bucks,129
527,"Sat, Dec 29, 2018",Houston Rockets,108,New Orleans Pelicans,104
528,"Sat, Dec 29, 2018",Charlotte Hornets,126,Washington Wizards,130
529,"Sat, Dec 29, 2018",Cleveland Cavaliers,108,Atlanta Hawks,111
530,"Sat, Dec 29, 2018",Boston Celtics,112,Memphis Grizzlies,103
531,"Sat, Dec 29, 2018",New York Knicks,97,Utah Jazz,129
532,"Sat, Dec 29, 2018",Denver Nuggets,122,Phoenix Suns,118
533,"Sat, Dec 29, 2018",Golden State Warriors,115,Portland Trail Blazers,105
534,"Sat, Dec 29, 2018",San Antonio Spurs,122,Los Angeles Clippers,111
535,"Sun, Dec 30, 2018",Detroit Pistons,107,Orlando Magic,109
536,"Sun, Dec 30, 2018",Minnesota Timberwolves,113,Miami Heat,104
537,"Sun, Dec 30, 2018",Chicago Bulls,89,Toronto Raptors,95
538,"Sun, Dec 30, 2018",Oklahoma City Thunder,103,Dallas Mavericks,105
539,"Sun, Dec 30, 2018",Philadelphia 76ers,95,Portland Trail Blazers,129
540,"Sun, Dec 30, 2018",Sacramento Kings,114,Los Angeles Lakers,121
541,"Mon, Dec 31, 2018",Atlanta Hawks,108,Indiana Pacers,116
542,"Mon, Dec 31, 2018",Orlando Magic,100,Charlotte Hornets,125
543,"Mon, Dec 31, 2018",Memphis Grizzlies,101,Houston Rockets,113
544,"Mon, Dec 31, 2018",Boston Celtics,111,San Antonio Spurs,120
545,"Mon, Dec 31, 2018",Minnesota Timberwolves,114,New Orleans Pelicans,123
546,"Mon, Dec 31, 2018",Dallas Mavericks,102,Oklahoma City Thunder,122
547,"Mon, Dec 31, 2018",Golden State Warriors,132,Phoenix Suns,109
548,"Tue, Jan 1, 2019",Utah Jazz,116,Toronto Raptors,122
549,"Tue, Jan 1, 2019",Detroit Pistons,98,Milwaukee Bucks,121
550,"Tue, Jan 1, 2019",New York Knicks,108,Denver Nuggets,115
551,"Tue, Jan 1, 2019",Portland Trail Blazers,113,Sacramento Kings,108
552,"Tue, Jan 1, 2019",Philadelphia 76ers,119,Los Angeles Clippers,113
553,"Wed, Jan 2, 2019",Dallas Mavericks,122,Charlotte Hornets,84
554,"Wed, Jan 2, 2019",Miami Heat,117,Cleveland Cavaliers,92
555,"Wed, Jan 2, 2019",Atlanta Hawks,98,Washington Wizards,114
556,"Wed, Jan 2, 2019",New Orleans Pelicans,121,Brooklyn Nets,126
557,"Wed, Jan 2, 2019",Minnesota Timberwolves,102,Boston Celtics,115
558,"Wed, Jan 2, 2019",Orlando Magic,112,Chicago Bulls,84
559,"Wed, Jan 2, 2019",Detroit Pistons,101,Memphis Grizzlies,94
560,"Wed, Jan 2, 2019",Philadelphia 76ers,132,Phoenix Suns,127
561,"Wed, Jan 2, 2019",Oklahoma City Thunder,107,Los Angeles Lakers,100
562,"Thu, Jan 3, 2019",Toronto Raptors,107,San Antonio Spurs,125
563,"Thu, Jan 3, 2019",Denver Nuggets,117,Sacramento Kings,113
564,"Thu, Jan 3, 2019",Houston Rockets,135,Golden State Warriors,134
565,"Fri, Jan 4, 2019",Utah Jazz,117,Cleveland Cavaliers,91
566,"Fri, Jan 4, 2019",Dallas Mavericks,93,Boston Celtics,114
567,"Fri, Jan 4, 2019",Indiana Pacers,119,Chicago Bulls,116
568,"Fri, Jan 4, 2019",Brooklyn Nets,109,Memphis Grizzlies,100
569,"Fri, Jan 4, 2019",Washington Wizards,109,Miami Heat,115
570,"Fri, Jan 4, 2019",Orlando Magic,103,Minnesota Timberwolves,120
571,"Fri, Jan 4, 2019",Atlanta Hawks,112,Milwaukee Bucks,144
572,"Fri, Jan 4, 2019",Los Angeles Clippers,121,Phoenix Suns,111
573,"Fri, Jan 4, 2019",New York Knicks,119,Los Angeles Lakers,112
574,"Fri, Jan 4, 2019",Oklahoma City Thunder,111,Portland Trail Blazers,109
575,"Sat, Jan 5, 2019",Charlotte Hornets,110,Denver Nuggets,123
576,"Sat, Jan 5, 2019",Utah Jazz,110,Detroit Pistons,105
577,"Sat, Jan 5, 2019",Dallas Mavericks,100,Philadelphia 76ers,106
578,"Sat, Jan 5, 2019",New Orleans Pelicans,133,Cleveland Cavaliers,98
579,"Sat, Jan 5, 2019",Toronto Raptors,123,Milwaukee Bucks,116
580,"Sat, Jan 5, 2019",Memphis Grizzlies,88,San Antonio Spurs,108
581,"Sat, Jan 5, 2019",Houston Rockets,101,Portland Trail Blazers,110
582,"Sat, Jan 5, 2019",Golden State Warriors,127,Sacramento Kings,123
583,"Sun, Jan 6, 2019",Brooklyn Nets,117,Chicago Bulls,100
584,"Sun, Jan 6, 2019",Orlando Magic,96,Los Angeles Clippers,106
585,"Sun, Jan 6, 2019",Los Angeles Lakers,86,Minnesota Timberwolves,108
586,"Sun, Jan 6, 2019",Miami Heat,82,Atlanta Hawks,106
587,"Sun, Jan 6, 2019",Washington Wizards,116,Oklahoma City Thunder,98
588,"Sun, Jan 6, 2019",Indiana Pacers,105,Toronto Raptors,121
589,"Sun, Jan 6, 2019",Charlotte Hornets,119,Phoenix Suns,113
590,"Mon, Jan 7, 2019",San Antonio Spurs,119,Detroit Pistons,107
591,"Mon, Jan 7, 2019",Brooklyn Nets,95,Boston Celtics,116
592,"Mon, Jan 7, 2019",Denver Nuggets,113,Houston Rockets,125
593,"Mon, Jan 7, 2019",Utah Jazz,102,Milwaukee Bucks,114
594,"Mon, Jan 7, 2019",Memphis Grizzlies,95,New Orleans Pelicans,114
595,"Mon, Jan 7, 2019",Los Angeles Lakers,107,Dallas Mavericks,97
596,"Mon, Jan 7, 2019",New York Knicks,101,Portland Trail Blazers,111
597,"Mon, Jan 7, 2019",Orlando Magic,95,Sacramento Kings,111
598,"Tue, Jan 8, 2019",Indiana Pacers,123,Cleveland Cavaliers,115
599,"Tue, Jan 8, 2019",Washington Wizards,115,Philadelphia 76ers,132
600,"Tue, Jan 8, 2019",Denver Nuggets,103,Miami Heat,99
601,"Tue, Jan 8, 2019",Atlanta Hawks,101,Toronto Raptors,104
602,"Tue, Jan 8, 2019",Minnesota Timberwolves,119,Oklahoma City Thunder,117
603,"Tue, Jan 8, 2019",Sacramento Kings,111,Phoenix Suns,115
604,"Tue, Jan 8, 2019",New York Knicks,95,Golden State Warriors,122
605,"Tue, Jan 8, 2019",Charlotte Hornets,109,Los Angeles Clippers,128
606,"Wed, Jan 9, 2019",Indiana Pacers,108,Boston Celtics,135
607,"Wed, Jan 9, 2019",Philadelphia 76ers,106,Washington Wizards,123
608,"Wed, Jan 9, 2019",Atlanta Hawks,100,Brooklyn Nets,116
609,"Wed, Jan 9, 2019",Milwaukee Bucks,116,Houston Rockets,109
610,"Wed, Jan 9, 2019",San Antonio Spurs,86,Memphis Grizzlies,96
611,"Wed, Jan 9, 2019",Cleveland Cavaliers,124,New Orleans Pelicans,140
612,"Wed, Jan 9, 2019",Phoenix Suns,94,Dallas Mavericks,104
613,"Wed, Jan 9, 2019",Orlando Magic,93,Utah Jazz,106
614,"Wed, Jan 9, 2019",Chicago Bulls,112,Portland Trail Blazers,124
615,"Wed, Jan 9, 2019",Detroit Pistons,100,Los Angeles Lakers,113
616,"Thu, Jan 10, 2019",Boston Celtics,99,Miami Heat,115
617,"Thu, Jan 10, 2019",Los Angeles Clippers,100,Denver Nuggets,121
618,"Thu, Jan 10, 2019",Oklahoma City Thunder,147,San Antonio Spurs,154
619,"Thu, Jan 10, 2019",Detroit Pistons,102,Sacramento Kings,112
620,"Fri, Jan 11, 2019",Atlanta Hawks,123,Philadelphia 76ers,121
621,"Fri, Jan 11, 2019",Milwaukee Bucks,106,Washington Wizards,113
622,"Fri, Jan 11, 2019",Indiana Pacers,121,New York Knicks,106
623,"Fri, Jan 11, 2019",Brooklyn Nets,105,Toronto Raptors,122
624,"Fri, Jan 11, 2019",Cleveland Cavaliers,113,Houston Rockets,141
625,"Fri, Jan 11, 2019",Dallas Mavericks,119,Minnesota Timberwolves,115
626,"Fri, Jan 11, 2019",Charlotte Hornets,96,Portland Trail Blazers,127
627,"Fri, Jan 11, 2019",Los Angeles Lakers,95,Utah Jazz,113
628,"Fri, Jan 11, 2019",Chicago Bulls,109,Golden State Warriors,146
629,"Sat, Jan 12, 2019",Detroit Pistons,109,Los Angeles Clippers,104
630,"Sat, Jan 12, 2019",Memphis Grizzlies,108,Miami Heat,112
631,"Sat, Jan 12, 2019",Boston Celtics,103,Orlando Magic,105
632,"Sat, Jan 12, 2019",New Orleans Pelicans,106,Minnesota Timberwolves,110
633,"Sat, Jan 12, 2019",San Antonio Spurs,112,Oklahoma City Thunder,122
634,"Sat, Jan 12, 2019",Denver Nuggets,93,Phoenix Suns,102
635,"Sat, Jan 12, 2019",Charlotte Hornets,97,Sacramento Kings,104
636,"Sat, Jan 12, 2019",Chicago Bulls,102,Utah Jazz,110
637,"Sun, Jan 13, 2019",Philadelphia 76ers,108,New York Knicks,105
638,"Sun, Jan 13, 2019",Toronto Raptors,140,Washington Wizards,138
639,"Sun, Jan 13, 2019",Milwaukee Bucks,133,Atlanta Hawks,114
640,"Sun, Jan 13, 2019",Houston Rockets,109,Orlando Magic,116
641,"Sun, Jan 13, 2019",Golden State Warriors,119,Dallas Mavericks,114
642,"Sun, Jan 13, 2019",Portland Trail Blazers,113,Denver Nuggets,116
643,"Sun, Jan 13, 2019",Cleveland Cavaliers,101,Los Angeles Lakers,95
644,"Mon, Jan 14, 2019",Boston Celtics,102,Brooklyn Nets,109
645,"Mon, Jan 14, 2019",Memphis Grizzlies,94,Houston Rockets,112
646,"Mon, Jan 14, 2019",Charlotte Hornets,108,San Antonio Spurs,93
647,"Mon, Jan 14, 2019",Detroit Pistons,94,Utah Jazz,100
648,"Mon, Jan 14, 2019",Portland Trail Blazers,107,Sacramento Kings,115
649,"Mon, Jan 14, 2019",New Orleans Pelicans,121,Los Angeles Clippers,117
650,"Tue, Jan 15, 2019",Phoenix Suns,97,Indiana Pacers,131
651,"Tue, Jan 15, 2019",Minnesota Timberwolves,107,Philadelphia 76ers,149
652,"Tue, Jan 15, 2019",Oklahoma City Thunder,126,Atlanta Hawks,142
653,"Tue, Jan 15, 2019",Miami Heat,86,Milwaukee Bucks,124
654,"Tue, Jan 15, 2019",Golden State Warriors,142,Denver Nuggets,111
655,"Tue, Jan 15, 2019",Chicago Bulls,100,Los Angeles Lakers,107
656,"Wed, Jan 16, 2019",Orlando Magic,115,Detroit Pistons,120
657,"Wed, Jan 16, 2019",Toronto Raptors,108,Boston Celtics,117
658,"Wed, Jan 16, 2019",Brooklyn Nets,145,Houston Rockets,142
659,"Wed, Jan 16, 2019",Milwaukee Bucks,111,Memphis Grizzlies,101
660,"Wed, Jan 16, 2019",San Antonio Spurs,105,Dallas Mavericks,101
661,"Wed, Jan 16, 2019",Cleveland Cavaliers,112,Portland Trail Blazers,129
662,"Wed, Jan 16, 2019",New Orleans Pelicans,140,Golden State Warriors,147
663,"Wed, Jan 16, 2019",Utah Jazz,129,Los Angeles Clippers,109
664,"Thu, Jan 17, 2019",New York Knicks,100,Washington Wizards,101
665,"Thu, Jan 17, 2019",Sacramento Kings,95,Charlotte Hornets,114
666,"Thu, Jan 17, 2019",Philadelphia 76ers,120,Indiana Pacers,96
667,"Thu, Jan 17, 2019",Phoenix Suns,109,Toronto Raptors,111
668,"Thu, Jan 17, 2019",Chicago Bulls,105,Denver Nuggets,135
669,"Thu, Jan 17, 2019",Los Angeles Lakers,138,Oklahoma City Thunder,128
670,"Fri, Jan 18, 2019",Memphis Grizzlies,116,Boston Celtics,122
671,"Fri, Jan 18, 2019",Miami Heat,93,Detroit Pistons,98
672,"Fri, Jan 18, 2019",Brooklyn Nets,117,Orlando Magic,115
673,"Fri, Jan 18, 2019",San Antonio Spurs,116,Minnesota Timberwolves,113
674,"Fri, Jan 18, 2019",Cleveland Cavaliers,99,Utah Jazz,115
675,"Fri, Jan 18, 2019",Golden State Warriors,112,Los Angeles Clippers,94
676,"Fri, Jan 18, 2019",New Orleans Pelicans,112,Portland Trail Blazers,128
677,"Sat, Jan 19, 2019",Oklahoma City Thunder,117,Philadelphia 76ers,115
678,"Sat, Jan 19, 2019",Phoenix Suns,115,Charlotte Hornets,135
679,"Sat, Jan 19, 2019",Sacramento Kings,103,Detroit Pistons,101
680,"Sat, Jan 19, 2019",Dallas Mavericks,99,Indiana Pacers,111
681,"Sat, Jan 19, 2019",Milwaukee Bucks,118,Orlando Magic,108
682,"Sat, Jan 19, 2019",Boston Celtics,113,Atlanta Hawks,105
683,"Sat, Jan 19, 2019",Memphis Grizzlies,90,Toronto Raptors,119
684,"Sat, Jan 19, 2019",Miami Heat,117,Chicago Bulls,103
685,"Sat, Jan 19, 2019",Los Angeles Lakers,134,Houston Rockets,138
686,"Sat, Jan 19, 2019",Cleveland Cavaliers,102,Denver Nuggets,124
687,"Sun, Jan 20, 2019",Charlotte Hornets,95,Indiana Pacers,120
688,"Sun, Jan 20, 2019",Phoenix Suns,114,Minnesota Timberwolves,116
689,"Sun, Jan 20, 2019",Los Angeles Clippers,103,San Antonio Spurs,95
690,"Mon, Jan 21, 2019",Oklahoma City Thunder,127,New York Knicks,109
691,"Mon, Jan 21, 2019",Chicago Bulls,104,Cleveland Cavaliers,88
692,"Mon, Jan 21, 2019",Dallas Mavericks,106,Milwaukee Bucks,116
693,"Mon, Jan 21, 2019",Detroit Pistons,87,Washington Wizards,101
694,"Mon, Jan 21, 2019",Orlando Magic,122,Atlanta Hawks,103
695,"Mon, Jan 21, 2019",Sacramento Kings,94,Brooklyn Nets,123
696,"Mon, Jan 21, 2019",New Orleans Pelicans,105,Memphis Grizzlies,85
697,"Mon, Jan 21, 2019",Miami Heat,99,Boston Celtics,107
698,"Mon, Jan 21, 2019",Houston Rockets,93,Philadelphia 76ers,121
699,"Mon, Jan 21, 2019",Portland Trail Blazers,109,Utah Jazz,104
700,"Mon, Jan 21, 2019",Golden State Warriors,130,Los Angeles Lakers,111
701,"Tue, Jan 22, 2019",Sacramento Kings,105,Toronto Raptors,120
702,"Tue, Jan 22, 2019",Portland Trail Blazers,114,Oklahoma City Thunder,123
703,"Tue, Jan 22, 2019",Los Angeles Clippers,98,Dallas Mavericks,106
704,"Tue, Jan 22, 2019",Minnesota Timberwolves,118,Phoenix Suns,91
705,"Wed, Jan 23, 2019",Toronto Raptors,106,Indiana Pacers,110
706,"Wed, Jan 23, 2019",Cleveland Cavaliers,103,Boston Celtics,123
707,"Wed, Jan 23, 2019",Orlando Magic,110,Brooklyn Nets,114
708,"Wed, Jan 23, 2019",Los Angeles Clippers,111,Miami Heat,99
709,"Wed, Jan 23, 2019",Houston Rockets,114,New York Knicks,110
710,"Wed, Jan 23, 2019",Atlanta Hawks,121,Chicago Bulls,101
711,"Wed, Jan 23, 2019",Charlotte Hornets,118,Memphis Grizzlies,107
712,"Wed, Jan 23, 2019",Detroit Pistons,98,New Orleans Pelicans,94
713,"Wed, Jan 23, 2019",San Antonio Spurs,120,Philadelphia 76ers,122
714,"Wed, Jan 23, 2019",Denver Nuggets,108,Utah Jazz,114
715,"Thu, Jan 24, 2019",New Orleans Pelicans,116,Oklahoma City Thunder,122
716,"Thu, Jan 24, 2019",Golden State Warriors,126,Washington Wizards,118
717,"Thu, Jan 24, 2019",Portland Trail Blazers,120,Phoenix Suns,106
718,"Thu, Jan 24, 2019",Minnesota Timberwolves,120,Los Angeles Lakers,105
719,"Fri, Jan 25, 2019",Washington Wizards,95,Orlando Magic,91
720,"Fri, Jan 25, 2019",New York Knicks,99,Brooklyn Nets,109
721,"Fri, Jan 25, 2019",Miami Heat,100,Cleveland Cavaliers,94
722,"Fri, Jan 25, 2019",Los Angeles Clippers,106,Chicago Bulls,101
723,"Fri, Jan 25, 2019",Toronto Raptors,119,Houston Rockets,121
724,"Fri, Jan 25, 2019",Sacramento Kings,99,Memphis Grizzlies,96
725,"Fri, Jan 25, 2019",Detroit Pistons,101,Dallas Mavericks,106
726,"Fri, Jan 25, 2019",Charlotte Hornets,99,Milwaukee Bucks,108
727,"Fri, Jan 25, 2019",Phoenix Suns,95,Denver Nuggets,132
728,"Fri, Jan 25, 2019",Minnesota Timberwolves,102,Utah Jazz,106
729,"Sat, Jan 26, 2019",San Antonio Spurs,126,New Orleans Pelicans,114
730,"Sat, Jan 26, 2019",Indiana Pacers,103,Memphis Grizzlies,106
731,"Sat, Jan 26, 2019",Golden State Warriors,115,Boston Celtics,111
732,"Sat, Jan 26, 2019",Philadelphia 76ers,110,Denver Nuggets,126
733,"Sat, Jan 26, 2019",Atlanta Hawks,111,Portland Trail Blazers,120
734,"Sun, Jan 27, 2019",Cleveland Cavaliers,104,Chicago Bulls,101
735,"Sun, Jan 27, 2019",Sacramento Kings,108,Los Angeles Clippers,122
736,"Sun, Jan 27, 2019",Milwaukee Bucks,112,Oklahoma City Thunder,118
737,"Sun, Jan 27, 2019",Toronto Raptors,123,Dallas Mavericks,120
738,"Sun, Jan 27, 2019",Orlando Magic,98,Houston Rockets,103
739,"Sun, Jan 27, 2019",Utah Jazz,125,Minnesota Timberwolves,111
740,"Sun, Jan 27, 2019",Washington Wizards,119,San Antonio Spurs,132
741,"Sun, Jan 27, 2019",Miami Heat,106,New York Knicks,97
742,"Sun, Jan 27, 2019",Phoenix Suns,102,Los Angeles Lakers,116
743,"Mon, Jan 28, 2019",New York Knicks,92,Charlotte Hornets,101
744,"Mon, Jan 28, 2019",Golden State Warriors,132,Indiana Pacers,100
745,"Mon, Jan 28, 2019",Brooklyn Nets,104,Boston Celtics,112
746,"Mon, Jan 28, 2019",Denver Nuggets,95,Memphis Grizzlies,92
747,"Mon, Jan 28, 2019",Atlanta Hawks,123,Los Angeles Clippers,118
748,"Tue, Jan 29, 2019",Washington Wizards,113,Cleveland Cavaliers,116
749,"Tue, Jan 29, 2019",Milwaukee Bucks,115,Detroit Pistons,105
750,"Tue, Jan 29, 2019",Oklahoma City Thunder,126,Orlando Magic,117
751,"Tue, Jan 29, 2019",Chicago Bulls,117,Brooklyn Nets,122
752,"Tue, Jan 29, 2019",New Orleans Pelicans,121,Houston Rockets,116
753,"Tue, Jan 29, 2019",Phoenix Suns,124,San Antonio Spurs,126
754,"Tue, Jan 29, 2019",Philadelphia 76ers,121,Los Angeles Lakers,105
755,"Wed, Jan 30, 2019",Charlotte Hornets,94,Boston Celtics,126
756,"Wed, Jan 30, 2019",Chicago Bulls,105,Miami Heat,89
757,"Wed, Jan 30, 2019",Dallas Mavericks,114,New York Knicks,90
758,"Wed, Jan 30, 2019",Memphis Grizzlies,97,Minnesota Timberwolves,99
759,"Wed, Jan 30, 2019",Denver Nuggets,105,New Orleans Pelicans,99
760,"Wed, Jan 30, 2019",Indiana Pacers,89,Washington Wizards,107
761,"Wed, Jan 30, 2019",Atlanta Hawks,113,Sacramento Kings,135
762,"Wed, Jan 30, 2019",Utah Jazz,105,Portland Trail Blazers,132
763,"Thu, Jan 31, 2019",Dallas Mavericks,89,Detroit Pistons,93
764,"Thu, Jan 31, 2019",Indiana Pacers,100,Orlando Magic,107
765,"Thu, Jan 31, 2019",Milwaukee Bucks,105,Toronto Raptors,92
766,"Thu, Jan 31, 2019",Brooklyn Nets,114,San Antonio Spurs,117
767,"Thu, Jan 31, 2019",Philadelphia 76ers,113,Golden State Warriors,104
768,"Thu, Jan 31, 2019",Los Angeles Lakers,123,Los Angeles Clippers,120
769,"Fri, Feb 1, 2019",Memphis Grizzlies,92,Charlotte Hornets,100
770,"Fri, Feb 1, 2019",Boston Celtics,113,New York Knicks,99
771,"Fri, Feb 1, 2019",Oklahoma City Thunder,118,Miami Heat,102
772,"Fri, Feb 1, 2019",Atlanta Hawks,112,Utah Jazz,128
773,"Fri, Feb 1, 2019",Houston Rockets,122,Denver Nuggets,136
774,"Sat, Feb 2, 2019",Los Angeles Clippers,111,Detroit Pistons,101
775,"Sat, Feb 2, 2019",Chicago Bulls,118,Charlotte Hornets,125
776,"Sat, Feb 2, 2019",Brooklyn Nets,89,Orlando Magic,102
777,"Sat, Feb 2, 2019",Milwaukee Bucks,131,Washington Wizards,115
778,"Sat, Feb 2, 2019",Dallas Mavericks,111,Cleveland Cavaliers,98
779,"Sat, Feb 2, 2019",Indiana Pacers,95,Miami Heat,88
780,"Sat, Feb 2, 2019",Los Angeles Lakers,101,Golden State Warriors,115
781,"Sat, Feb 2, 2019",New Orleans Pelicans,108,San Antonio Spurs,113
782,"Sat, Feb 2, 2019",Denver Nuggets,107,Minnesota Timberwolves,106
783,"Sat, Feb 2, 2019",Atlanta Hawks,118,Phoenix Suns,112
784,"Sat, Feb 2, 2019",Houston Rockets,125,Utah Jazz,98
785,"Sat, Feb 2, 2019",Philadelphia 76ers,108,Sacramento Kings,115
786,"Sun, Feb 3, 2019",Memphis Grizzlies,96,New York Knicks,84
787,"Sun, Feb 3, 2019",Oklahoma City Thunder,129,Boston Celtics,134
788,"Sun, Feb 3, 2019",Los Angeles Clippers,103,Toronto Raptors,121
789,"Mon, Feb 4, 2019",Denver Nuggets,103,Detroit Pistons,129
790,"Mon, Feb 4, 2019",Atlanta Hawks,137,Washington Wizards,129
791,"Mon, Feb 4, 2019",Milwaukee Bucks,113,Brooklyn Nets,94
792,"Mon, Feb 4, 2019",Indiana Pacers,109,New Orleans Pelicans,107
793,"Mon, Feb 4, 2019",Houston Rockets,118,Phoenix Suns,110
794,"Mon, Feb 4, 2019",San Antonio Spurs,112,Sacramento Kings,127
795,"Tue, Feb 5, 2019",Los Angeles Clippers,117,Charlotte Hornets,115
796,"Tue, Feb 5, 2019",Boston Celtics,103,Cleveland Cavaliers,96
797,"Tue, Feb 5, 2019",Los Angeles Lakers,94,Indiana Pacers,136
798,"Tue, Feb 5, 2019",Detroit Pistons,105,New York Knicks,92
799,"Tue, Feb 5, 2019",Minnesota Timberwolves,106,Memphis Grizzlies,108
800,"Tue, Feb 5, 2019",Orlando Magic,122,Oklahoma City Thunder,132
801,"Tue, Feb 5, 2019",Toronto Raptors,119,Philadelphia 76ers,107
802,"Tue, Feb 5, 2019",Miami Heat,118,Portland Trail Blazers,108
803,"Wed, Feb 6, 2019",Denver Nuggets,130,Brooklyn Nets,135
804,"Wed, Feb 6, 2019",New Orleans Pelicans,125,Chicago Bulls,120
805,"Wed, Feb 6, 2019",Washington Wizards,129,Milwaukee Bucks,148
806,"Wed, Feb 6, 2019",Charlotte Hornets,93,Dallas Mavericks,99
807,"Wed, Feb 6, 2019",Phoenix Suns,88,Utah Jazz,116
808,"Wed, Feb 6, 2019",Houston Rockets,127,Sacramento Kings,101
809,"Wed, Feb 6, 2019",San Antonio Spurs,102,Golden State Warriors,141
810,"Thu, Feb 7, 2019",Los Angeles Clippers,92,Indiana Pacers,116
811,"Thu, Feb 7, 2019",Minnesota Timberwolves,112,Orlando Magic,122
812,"Thu, Feb 7, 2019",Toronto Raptors,119,Atlanta Hawks,101
813,"Thu, Feb 7, 2019",Los Angeles Lakers,129,Boston Celtics,128
814,"Thu, Feb 7, 2019",Memphis Grizzlies,95,Oklahoma City Thunder,117
815,"Thu, Feb 7, 2019",San Antonio Spurs,118,Portland Trail Blazers,127
816,"Fri, Feb 8, 2019",New York Knicks,103,Detroit Pistons,120
817,"Fri, Feb 8, 2019",Denver Nuggets,110,Philadelphia 76ers,117
818,"Fri, Feb 8, 2019",Cleveland Cavaliers,106,Washington Wizards,119
819,"Fri, Feb 8, 2019",Chicago Bulls,125,Brooklyn Nets,106
820,"Fri, Feb 8, 2019",Milwaukee Bucks,122,Dallas Mavericks,107
821,"Fri, Feb 8, 2019",Golden State Warriors,117,Phoenix Suns,107
822,"Fri, Feb 8, 2019",Minnesota Timberwolves,117,New Orleans Pelicans,122
823,"Fri, Feb 8, 2019",Miami Heat,96,Sacramento Kings,102
824,"Sat, Feb 9, 2019",San Antonio Spurs,105,Utah Jazz,125
825,"Sat, Feb 9, 2019",Cleveland Cavaliers,90,Indiana Pacers,105
826,"Sat, Feb 9, 2019",Charlotte Hornets,129,Atlanta Hawks,120
827,"Sat, Feb 9, 2019",Toronto Raptors,104,New York Knicks,99
828,"Sat, Feb 9, 2019",Los Angeles Clippers,123,Boston Celtics,112
829,"Sat, Feb 9, 2019",Washington Wizards,134,Chicago Bulls,125
830,"Sat, Feb 9, 2019",New Orleans Pelicans,90,Memphis Grizzlies,99
831,"Sat, Feb 9, 2019",Oklahoma City Thunder,117,Houston Rockets,112
832,"Sat, Feb 9, 2019",Orlando Magic,103,Milwaukee Bucks,83
833,"Sun, Feb 10, 2019",Portland Trail Blazers,101,Dallas Mavericks,102
834,"Sun, Feb 10, 2019",Los Angeles Lakers,120,Philadelphia 76ers,143
835,"Sun, Feb 10, 2019",Phoenix Suns,104,Sacramento Kings,117
836,"Sun, Feb 10, 2019",Orlando Magic,124,Atlanta Hawks,108
837,"Sun, Feb 10, 2019",Miami Heat,118,Golden State Warriors,120
838,"Mon, Feb 11, 2019",New York Knicks,104,Cleveland Cavaliers,107
839,"Mon, Feb 11, 2019",Washington Wizards,112,Detroit Pistons,121
840,"Mon, Feb 11, 2019",Charlotte Hornets,90,Indiana Pacers,99
841,"Mon, Feb 11, 2019",Brooklyn Nets,125,Toronto Raptors,127
842,"Mon, Feb 11, 2019",Milwaukee Bucks,112,Chicago Bulls,99
843,"Mon, Feb 11, 2019",Dallas Mavericks,104,Houston Rockets,120
844,"Mon, Feb 11, 2019",Los Angeles Clippers,120,Minnesota Timberwolves,130
845,"Mon, Feb 11, 2019",Portland Trail Blazers,111,Oklahoma City Thunder,120
846,"Mon, Feb 11, 2019",Miami Heat,87,Denver Nuggets,103
847,"Tue, Feb 12, 2019",Los Angeles Lakers,113,Atlanta Hawks,117
848,"Tue, Feb 12, 2019",San Antonio Spurs,108,Memphis Grizzlies,107
849,"Tue, Feb 12, 2019",Orlando Magic,118,New Orleans Pelicans,88
850,"Tue, Feb 12, 2019",Boston Celtics,112,Philadelphia 76ers,109
851,"Tue, Feb 12, 2019",Utah Jazz,108,Golden State Warriors,115
852,"Wed, Feb 13, 2019",Brooklyn Nets,148,Cleveland Cavaliers,139
853,"Wed, Feb 13, 2019",Milwaukee Bucks,106,Indiana Pacers,97
854,"Wed, Feb 13, 2019",Detroit Pistons,110,Boston Celtics,118
855,"Wed, Feb 13, 2019",Philadelphia 76ers,126,New York Knicks,111
856,"Wed, Feb 13, 2019",Washington Wizards,120,Toronto Raptors,129
857,"Wed, Feb 13, 2019",Memphis Grizzlies,110,Chicago Bulls,122
858,"Wed, Feb 13, 2019",Houston Rockets,111,Minnesota Timberwolves,121
859,"Wed, Feb 13, 2019",Miami Heat,112,Dallas Mavericks,101
860,"Wed, Feb 13, 2019",Sacramento Kings,118,Denver Nuggets,120
861,"Wed, Feb 13, 2019",Phoenix Suns,107,Los Angeles Clippers,134
862,"Wed, Feb 13, 2019",Golden State Warriors,107,Portland Trail Blazers,129
863,"Thu, Feb 14, 2019",Charlotte Hornets,89,Orlando Magic,127
864,"Thu, Feb 14, 2019",New York Knicks,106,Atlanta Hawks,91
865,"Thu, Feb 14, 2019",Oklahoma City Thunder,122,New Orleans Pelicans,131
866,"Thu, Feb 21, 2019",Phoenix Suns,98,Cleveland Cavaliers,111
867,"Thu, Feb 21, 2019",Miami Heat,102,Philadelphia 76ers,106
868,"Thu, Feb 21, 2019",Portland Trail Blazers,113,Brooklyn Nets,99
869,"Thu, Feb 21, 2019",Boston Celtics,97,Milwaukee Bucks,98
870,"Thu, Feb 21, 2019",Sacramento Kings,123,Golden State Warriors,125
871,"Thu, Feb 21, 2019",Houston Rockets,106,Los Angeles Lakers,111
872,"Fri, Feb 22, 2019",Washington Wizards,110,Charlotte Hornets,123
873,"Fri, Feb 22, 2019",New Orleans Pelicans,111,Indiana Pacers,126
874,"Fri, Feb 22, 2019",Chicago Bulls,110,Orlando Magic,109
875,"Fri, Feb 22, 2019",San Antonio Spurs,117,Toronto Raptors,120
876,"Fri, Feb 22, 2019",Detroit Pistons,125,Atlanta Hawks,122
877,"Fri, Feb 22, 2019",Minnesota Timberwolves,115,New York Knicks,104
878,"Fri, Feb 22, 2019",Los Angeles Clippers,112,Memphis Grizzlies,106
879,"Fri, Feb 22, 2019",Denver Nuggets,114,Dallas Mavericks,104
880,"Fri, Feb 22, 2019",Utah Jazz,147,Oklahoma City Thunder,148
881,"Sat, Feb 23, 2019",Portland Trail Blazers,130,Philadelphia 76ers,115
882,"Sat, Feb 23, 2019",Phoenix Suns,112,Atlanta Hawks,120
883,"Sat, Feb 23, 2019",Brooklyn Nets,117,Charlotte Hornets,115
884,"Sat, Feb 23, 2019",Memphis Grizzlies,107,Cleveland Cavaliers,112
885,"Sat, Feb 23, 2019",Los Angeles Lakers,115,New Orleans Pelicans,128
886,"Sat, Feb 23, 2019",Indiana Pacers,119,Washington Wizards,112
887,"Sat, Feb 23, 2019",Detroit Pistons,119,Miami Heat,96
888,"Sat, Feb 23, 2019",Boston Celtics,116,Chicago Bulls,126
889,"Sat, Feb 23, 2019",Sacramento Kings,119,Oklahoma City Thunder,116
890,"Sat, Feb 23, 2019",Houston Rockets,118,Golden State Warriors,112
891,"Sat, Feb 23, 2019",Minnesota Timberwolves,128,Milwaukee Bucks,140
892,"Sat, Feb 23, 2019",Dallas Mavericks,109,Utah Jazz,125
893,"Sun, Feb 24, 2019",Orlando Magic,113,Toronto Raptors,98
894,"Sun, Feb 24, 2019",Los Angeles Clippers,96,Denver Nuggets,123
895,"Sun, Feb 24, 2019",San Antonio Spurs,118,New York Knicks,130
896,"Mon, Feb 25, 2019",Golden State Warriors,121,Charlotte Hornets,110
897,"Mon, Feb 25, 2019",Portland Trail Blazers,123,Cleveland Cavaliers,110
898,"Mon, Feb 25, 2019",Indiana Pacers,109,Detroit Pistons,113
899,"Mon, Feb 25, 2019",San Antonio Spurs,85,Brooklyn Nets,101
900,"Mon, Feb 25, 2019",Phoenix Suns,124,Miami Heat,121
901,"Mon, Feb 25, 2019",Milwaukee Bucks,117,Chicago Bulls,106
902,"Mon, Feb 25, 2019",Atlanta Hawks,111,Houston Rockets,119
903,"Mon, Feb 25, 2019",Los Angeles Lakers,105,Memphis Grizzlies,110
904,"Mon, Feb 25, 2019",Sacramento Kings,105,Minnesota Timberwolves,112
905,"Mon, Feb 25, 2019",Philadelphia 76ers,111,New Orleans Pelicans,110
906,"Mon, Feb 25, 2019",Dallas Mavericks,112,Los Angeles Clippers,121
907,"Tue, Feb 26, 2019",Orlando Magic,103,New York Knicks,108
908,"Tue, Feb 26, 2019",Boston Celtics,95,Toronto Raptors,118
909,"Tue, Feb 26, 2019",Oklahoma City Thunder,112,Denver Nuggets,121
910,"Wed, Feb 27, 2019",Houston Rockets,118,Charlotte Hornets,113
911,"Wed, Feb 27, 2019",Minnesota Timberwolves,123,Atlanta Hawks,131
912,"Wed, Feb 27, 2019",Washington Wizards,125,Brooklyn Nets,116
913,"Wed, Feb 27, 2019",Golden State Warriors,125,Miami Heat,126
914,"Wed, Feb 27, 2019",Portland Trail Blazers,97,Boston Celtics,92
915,"Wed, Feb 27, 2019",Chicago Bulls,109,Memphis Grizzlies,107
916,"Wed, Feb 27, 2019",Indiana Pacers,101,Dallas Mavericks,110
917,"Wed, Feb 27, 2019",Detroit Pistons,93,San Antonio Spurs,105
918,"Wed, Feb 27, 2019",Los Angeles Clippers,105,Utah Jazz,111
919,"Wed, Feb 27, 2019",Milwaukee Bucks,141,Sacramento Kings,140
920,"Wed, Feb 27, 2019",New Orleans Pelicans,119,Los Angeles Lakers,125
921,"Thu, Feb 28, 2019",Minnesota Timberwolves,115,Indiana Pacers,122
922,"Thu, Feb 28, 2019",Golden State Warriors,96,Orlando Magic,103
923,"Thu, Feb 28, 2019",Cleveland Cavaliers,125,New York Knicks,118
924,"Thu, Feb 28, 2019",Miami Heat,118,Houston Rockets,121
925,"Thu, Feb 28, 2019",Philadelphia 76ers,108,Oklahoma City Thunder,104
926,"Thu, Feb 28, 2019",Utah Jazz,111,Denver Nuggets,104
927,"Fri, Mar 1, 2019",Chicago Bulls,168,Atlanta Hawks,161
928,"Fri, Mar 1, 2019",Charlotte Hornets,123,Brooklyn Nets,112
929,"Fri, Mar 1, 2019",Washington Wizards,96,Boston Celtics,107
930,"Fri, Mar 1, 2019",Portland Trail Blazers,117,Toronto Raptors,119
931,"Fri, Mar 1, 2019",New Orleans Pelicans,130,Phoenix Suns,116
932,"Fri, Mar 1, 2019",Los Angeles Clippers,116,Sacramento Kings,109
933,"Fri, Mar 1, 2019",Milwaukee Bucks,131,Los Angeles Lakers,120
934,"Sat, Mar 2, 2019",Detroit Pistons,129,Cleveland Cavaliers,93
935,"Sat, Mar 2, 2019",Orlando Magic,117,Indiana Pacers,112
936,"Sat, Mar 2, 2019",Brooklyn Nets,88,Miami Heat,117
937,"Sat, Mar 2, 2019",Memphis Grizzlies,111,Dallas Mavericks,81
938,"Sat, Mar 2, 2019",Golden State Warriors,120,Philadelphia 76ers,117
939,"Sat, Mar 2, 2019",Oklahoma City Thunder,102,San Antonio Spurs,116
940,"Sat, Mar 2, 2019",New Orleans Pelicans,120,Denver Nuggets,112
941,"Sat, Mar 2, 2019",Los Angeles Lakers,109,Phoenix Suns,118
942,"Sat, Mar 2, 2019",Milwaukee Bucks,111,Utah Jazz,115
943,"Sun, Mar 3, 2019",Portland Trail Blazers,118,Charlotte Hornets,108
944,"Sun, Mar 3, 2019",Houston Rockets,115,Boston Celtics,104
945,"Sun, Mar 3, 2019",Atlanta Hawks,123,Chicago Bulls,118
946,"Sun, Mar 3, 2019",New York Knicks,107,Los Angeles Clippers,128
947,"Sun, Mar 3, 2019",Orlando Magic,93,Cleveland Cavaliers,107
948,"Sun, Mar 3, 2019",Toronto Raptors,107,Detroit Pistons,112
949,"Sun, Mar 3, 2019",Minnesota Timberwolves,121,Washington Wizards,135
950,"Sun, Mar 3, 2019",Memphis Grizzlies,95,Oklahoma City Thunder,99
951,"Mon, Mar 4, 2019",Dallas Mavericks,88,Brooklyn Nets,127
952,"Mon, Mar 4, 2019",Atlanta Hawks,113,Miami Heat,114
953,"Mon, Mar 4, 2019",Denver Nuggets,103,San Antonio Spurs,104
954,"Mon, Mar 4, 2019",Milwaukee Bucks,105,Phoenix Suns,114
955,"Mon, Mar 4, 2019",New Orleans Pelicans,115,Utah Jazz,112
956,"Mon, Mar 4, 2019",New York Knicks,108,Sacramento Kings,115
957,"Mon, Mar 4, 2019",Los Angeles Clippers,113,Los Angeles Lakers,105
958,"Tue, Mar 5, 2019",Chicago Bulls,96,Indiana Pacers,105
959,"Tue, Mar 5, 2019",Orlando Magic,106,Philadelphia 76ers,114
960,"Tue, Mar 5, 2019",Portland Trail Blazers,111,Memphis Grizzlies,120
961,"Tue, Mar 5, 2019",Oklahoma City Thunder,120,Minnesota Timberwolves,131
962,"Tue, Mar 5, 2019",Houston Rockets,107,Toronto Raptors,95
963,"Tue, Mar 5, 2019",Boston Celtics,128,Golden State Warriors,95
964,"Wed, Mar 6, 2019",Miami Heat,91,Charlotte Hornets,84
965,"Wed, Mar 6, 2019",Minnesota Timberwolves,114,Detroit Pistons,131
966,"Wed, Mar 6, 2019",Dallas Mavericks,123,Washington Wizards,132
967,"Wed, Mar 6, 2019",San Antonio Spurs,111,Atlanta Hawks,104
968,"Wed, Mar 6, 2019",Cleveland Cavaliers,107,Brooklyn Nets,113
969,"Wed, Mar 6, 2019",Philadelphia 76ers,107,Chicago Bulls,108
970,"Wed, Mar 6, 2019",Utah Jazz,114,New Orleans Pelicans,104
971,"Wed, Mar 6, 2019",New York Knicks,96,Phoenix Suns,107
972,"Wed, Mar 6, 2019",Boston Celtics,111,Sacramento Kings,109
973,"Wed, Mar 6, 2019",Denver Nuggets,115,Los Angeles Lakers,99
974,"Thu, Mar 7, 2019",Indiana Pacers,98,Milwaukee Bucks,117
975,"Thu, Mar 7, 2019",Oklahoma City Thunder,129,Portland Trail Blazers,121
976,"Fri, Mar 8, 2019",Washington Wizards,111,Charlotte Hornets,112
977,"Fri, Mar 8, 2019",Dallas Mavericks,106,Orlando Magic,111
978,"Fri, Mar 8, 2019",Detroit Pistons,112,Chicago Bulls,104
979,"Fri, Mar 8, 2019",Philadelphia 76ers,91,Houston Rockets,107
980,"Fri, Mar 8, 2019",Utah Jazz,104,Memphis Grizzlies,114
981,"Fri, Mar 8, 2019",Cleveland Cavaliers,110,Miami Heat,126
982,"Fri, Mar 8, 2019",Toronto Raptors,127,New Orleans Pelicans,104
983,"Fri, Mar 8, 2019",Denver Nuggets,105,Golden State Warriors,122
984,"Fri, Mar 8, 2019",Oklahoma City Thunder,110,Los Angeles Clippers,118
985,"Sat, Mar 9, 2019",Sacramento Kings,102,New York Knicks,94
986,"Sat, Mar 9, 2019",Brooklyn Nets,114,Atlanta Hawks,112
987,"Sat, Mar 9, 2019",Washington Wizards,130,Minnesota Timberwolves,135
988,"Sat, Mar 9, 2019",Boston Celtics,120,Los Angeles Lakers,107
989,"Sat, Mar 9, 2019",Charlotte Hornets,114,Milwaukee Bucks,131
990,"Sat, Mar 9, 2019",Phoenix Suns,120,Portland Trail Blazers,127
991,"Sun, Mar 10, 2019",Chicago Bulls,108,Detroit Pistons,131
992,"Sun, Mar 10, 2019",Toronto Raptors,125,Miami Heat,104
993,"Sun, Mar 10, 2019",Indiana Pacers,89,Philadelphia 76ers,106
994,"Sun, Mar 10, 2019",New Orleans Pelicans,116,Atlanta Hawks,128
995,"Sun, Mar 10, 2019",Orlando Magic,97,Memphis Grizzlies,105
996,"Sun, Mar 10, 2019",Houston Rockets,94,Dallas Mavericks,93
997,"Sun, Mar 10, 2019",New York Knicks,92,Minnesota Timberwolves,103
998,"Sun, Mar 10, 2019",Milwaukee Bucks,114,San Antonio Spurs,121
999,"Sun, Mar 10, 2019",Phoenix Suns,115,Golden State Warriors,111
1000,"Mon, Mar 11, 2019",Toronto Raptors,101,Cleveland Cavaliers,126
1001,"Mon, Mar 11, 2019",Sacramento Kings,115,Washington Wizards,121
1002,"Mon, Mar 11, 2019",Detroit Pistons,75,Brooklyn Nets,103
1003,"Mon, Mar 11, 2019",Charlotte Hornets,106,Houston Rockets,118
1004,"Mon, Mar 11, 2019",Oklahoma City Thunder,98,Utah Jazz,89
1005,"Mon, Mar 11, 2019",Boston Celtics,115,Los Angeles Clippers,140
1006,"Tue, Mar 12, 2019",New York Knicks,98,Indiana Pacers,103
1007,"Tue, Mar 12, 2019",Cleveland Cavaliers,99,Philadelphia 76ers,106
1008,"Tue, Mar 12, 2019",Los Angeles Lakers,123,Chicago Bulls,107
1009,"Tue, Mar 12, 2019",San Antonio Spurs,112,Dallas Mavericks,105
1010,"Tue, Mar 12, 2019",Milwaukee Bucks,130,New Orleans Pelicans,113
1011,"Tue, Mar 12, 2019",Minnesota Timberwolves,107,Denver Nuggets,133
1012,"Tue, Mar 12, 2019",Portland Trail Blazers,125,Los Angeles Clippers,104
1013,"Wed, Mar 13, 2019",Brooklyn Nets,96,Oklahoma City Thunder,108
1014,"Wed, Mar 13, 2019",Orlando Magic,90,Washington Wizards,100
1015,"Wed, Mar 13, 2019",Memphis Grizzlies,111,Atlanta Hawks,132
1016,"Wed, Mar 13, 2019",Detroit Pistons,74,Miami Heat,108
1017,"Wed, Mar 13, 2019",Golden State Warriors,106,Houston Rockets,104
1018,"Wed, Mar 13, 2019",Utah Jazz,114,Phoenix Suns,97
1019,"Thu, Mar 14, 2019",Oklahoma City Thunder,106,Indiana Pacers,108
1020,"Thu, Mar 14, 2019",Cleveland Cavaliers,91,Orlando Magic,120
1021,"Thu, Mar 14, 2019",Sacramento Kings,120,Boston Celtics,126
1022,"Thu, Mar 14, 2019",Los Angeles Lakers,98,Toronto Raptors,111
1023,"Thu, Mar 14, 2019",Minnesota Timberwolves,100,Utah Jazz,120
1024,"Thu, Mar 14, 2019",Dallas Mavericks,99,Denver Nuggets,100
1025,"Fri, Mar 15, 2019",Los Angeles Lakers,97,Detroit Pistons,111
1026,"Fri, Mar 15, 2019",Sacramento Kings,114,Philadelphia 76ers,123
1027,"Fri, Mar 15, 2019",Charlotte Hornets,116,Washington Wizards,110
1028,"Fri, Mar 15, 2019",Phoenix Suns,102,Houston Rockets,108
1029,"Fri, Mar 15, 2019",Milwaukee Bucks,113,Miami Heat,98
1030,"Fri, Mar 15, 2019",Portland Trail Blazers,122,New Orleans Pelicans,110
1031,"Fri, Mar 15, 2019",New York Knicks,83,San Antonio Spurs,109
1032,"Fri, Mar 15, 2019",Chicago Bulls,121,Los Angeles Clippers,128
1033,"Sat, Mar 16, 2019",Atlanta Hawks,120,Boston Celtics,129
1034,"Sat, Mar 16, 2019",Phoenix Suns,138,New Orleans Pelicans,136
1035,"Sat, Mar 16, 2019",Memphis Grizzlies,128,Washington Wizards,135
1036,"Sat, Mar 16, 2019",Cleveland Cavaliers,116,Dallas Mavericks,121
1037,"Sat, Mar 16, 2019",Golden State Warriors,110,Oklahoma City Thunder,88
1038,"Sat, Mar 16, 2019",Portland Trail Blazers,103,San Antonio Spurs,108
1039,"Sat, Mar 16, 2019",Indiana Pacers,100,Denver Nuggets,102
1040,"Sat, Mar 16, 2019",Brooklyn Nets,98,Utah Jazz,114
1041,"Sun, Mar 17, 2019",Los Angeles Lakers,123,New York Knicks,124
1042,"Sun, Mar 17, 2019",Charlotte Hornets,75,Miami Heat,93
1043,"Sun, Mar 17, 2019",Philadelphia 76ers,130,Milwaukee Bucks,125
1044,"Sun, Mar 17, 2019",Toronto Raptors,107,Detroit Pistons,110
1045,"Sun, Mar 17, 2019",Atlanta Hawks,91,Orlando Magic,101
1046,"Sun, Mar 17, 2019",Chicago Bulls,102,Sacramento Kings,129
1047,"Sun, Mar 17, 2019",Minnesota Timberwolves,102,Houston Rockets,117
1048,"Sun, Mar 17, 2019",Brooklyn Nets,116,Los Angeles Clippers,119
1049,"Mon, Mar 18, 2019",Detroit Pistons,119,Cleveland Cavaliers,126
1050,"Mon, Mar 18, 2019",Utah Jazz,116,Washington Wizards,95
1051,"Mon, Mar 18, 2019",Denver Nuggets,114,Boston Celtics,105
1052,"Mon, Mar 18, 2019",New York Knicks,92,Toronto Raptors,128
1053,"Mon, Mar 18, 2019",Miami Heat,116,Oklahoma City Thunder,107
1054,"Mon, Mar 18, 2019",Golden State Warriors,105,San Antonio Spurs,111
1055,"Mon, Mar 18, 2019",New Orleans Pelicans,129,Dallas Mavericks,125
1056,"Mon, Mar 18, 2019",Chicago Bulls,116,Phoenix Suns,101
1057,"Mon, Mar 18, 2019",Indiana Pacers,98,Portland Trail Blazers,106
1058,"Tue, Mar 19, 2019",Philadelphia 76ers,118,Charlotte Hornets,114
1059,"Tue, Mar 19, 2019",Houston Rockets,121,Atlanta Hawks,105
1060,"Tue, Mar 19, 2019",Los Angeles Lakers,101,Milwaukee Bucks,115
1061,"Tue, Mar 19, 2019",Golden State Warriors,117,Minnesota Timberwolves,107
1062,"Tue, Mar 19, 2019",Brooklyn Nets,123,Sacramento Kings,121
1063,"Tue, Mar 19, 2019",Indiana Pacers,109,Los Angeles Clippers,115
1064,"Wed, Mar 20, 2019",Milwaukee Bucks,102,Cleveland Cavaliers,107
1065,"Wed, Mar 20, 2019",New Orleans Pelicans,96,Orlando Magic,119
1066,"Wed, Mar 20, 2019",Boston Celtics,115,Philadelphia 76ers,118
1067,"Wed, Mar 20, 2019",Utah Jazz,137,New York Knicks,116
1068,"Wed, Mar 20, 2019",Washington Wizards,120,Chicago Bulls,126
1069,"Wed, Mar 20, 2019",Houston Rockets,125,Memphis Grizzlies,126
1070,"Wed, Mar 20, 2019",Miami Heat,110,San Antonio Spurs,105
1071,"Wed, Mar 20, 2019",Toronto Raptors,123,Oklahoma City Thunder,114
1072,"Wed, Mar 20, 2019",Dallas Mavericks,118,Portland Trail Blazers,126
1073,"Thu, Mar 21, 2019",Minnesota Timberwolves,106,Charlotte Hornets,113
1074,"Thu, Mar 21, 2019",Denver Nuggets,113,Washington Wizards,108
1075,"Thu, Mar 21, 2019",Utah Jazz,114,Atlanta Hawks,117
1076,"Thu, Mar 21, 2019",Detroit Pistons,118,Phoenix Suns,98
1077,"Thu, Mar 21, 2019",Dallas Mavericks,100,Sacramento Kings,116
1078,"Thu, Mar 21, 2019",Indiana Pacers,89,Golden State Warriors,112
1079,"Fri, Mar 22, 2019",Memphis Grizzlies,119,Orlando Magic,123
1080,"Fri, Mar 22, 2019",Los Angeles Clippers,110,Cleveland Cavaliers,108
1081,"Fri, Mar 22, 2019",Denver Nuggets,111,New York Knicks,93
1082,"Fri, Mar 22, 2019",Oklahoma City Thunder,116,Toronto Raptors,109
1083,"Fri, Mar 22, 2019",San Antonio Spurs,105,Houston Rockets,111
1084,"Fri, Mar 22, 2019",Miami Heat,87,Milwaukee Bucks,116
1085,"Fri, Mar 22, 2019",Brooklyn Nets,111,Los Angeles Lakers,106
1086,"Sat, Mar 23, 2019",Boston Celtics,117,Charlotte Hornets,124
1087,"Sat, Mar 23, 2019",Miami Heat,113,Washington Wizards,108
1088,"Sat, Mar 23, 2019",Philadelphia 76ers,127,Atlanta Hawks,129
1089,"Sat, Mar 23, 2019",Utah Jazz,114,Chicago Bulls,83
1090,"Sat, Mar 23, 2019",Minnesota Timberwolves,112,Memphis Grizzlies,99
1091,"Sat, Mar 23, 2019",Dallas Mavericks,126,Golden State Warriors,91
1092,"Sat, Mar 23, 2019",Detroit Pistons,112,Portland Trail Blazers,117
1093,"Sat, Mar 23, 2019",Phoenix Suns,103,Sacramento Kings,112
1094,"Sun, Mar 24, 2019",Los Angeles Clippers,124,New York Knicks,113
1095,"Sun, Mar 24, 2019",Cleveland Cavaliers,105,Milwaukee Bucks,127
1096,"Sun, Mar 24, 2019",Denver Nuggets,88,Indiana Pacers,124
1097,"Sun, Mar 24, 2019",Charlotte Hornets,115,Toronto Raptors,114
1098,"Sun, Mar 24, 2019",Houston Rockets,113,New Orleans Pelicans,90
1099,"Sun, Mar 24, 2019",San Antonio Spurs,115,Boston Celtics,96
1100,"Sun, Mar 24, 2019",Detroit Pistons,114,Golden State Warriors,121
1101,"Sun, Mar 24, 2019",Sacramento Kings,106,Los Angeles Lakers,111
1102,"Mon, Mar 25, 2019",Philadelphia 76ers,98,Orlando Magic,119
1103,"Mon, Mar 25, 2019",Oklahoma City Thunder,103,Memphis Grizzlies,115
1104,"Mon, Mar 25, 2019",Phoenix Suns,92,Utah Jazz,125
1105,"Mon, Mar 25, 2019",Brooklyn Nets,144,Portland Trail Blazers,148
1106,"Tue, Mar 26, 2019",San Antonio Spurs,116,Charlotte Hornets,125
1107,"Tue, Mar 26, 2019",Boston Celtics,116,Cleveland Cavaliers,106
1108,"Tue, Mar 26, 2019",Orlando Magic,104,Miami Heat,99
1109,"Tue, Mar 26, 2019",Chicago Bulls,103,Toronto Raptors,112
1110,"Tue, Mar 26, 2019",Houston Rockets,94,Milwaukee Bucks,108
1111,"Tue, Mar 26, 2019",Los Angeles Clippers,122,Minnesota Timberwolves,111
1112,"Tue, Mar 26, 2019",Atlanta Hawks,130,New Orleans Pelicans,120
1113,"Tue, Mar 26, 2019",Sacramento Kings,125,Dallas Mavericks,121
1114,"Tue, Mar 26, 2019",Detroit Pistons,92,Denver Nuggets,95
1115,"Tue, Mar 26, 2019",Washington Wizards,106,Los Angeles Lakers,124
1116,"Wed, Mar 27, 2019",Portland Trail Blazers,118,Chicago Bulls,98
1117,"Wed, Mar 27, 2019",Golden State Warriors,118,Memphis Grizzlies,103
1118,"Wed, Mar 27, 2019",Indiana Pacers,99,Oklahoma City Thunder,107
1119,"Wed, Mar 27, 2019",Washington Wizards,124,Phoenix Suns,121
1120,"Wed, Mar 27, 2019",Los Angeles Lakers,100,Utah Jazz,115
1121,"Thu, Mar 28, 2019",Orlando Magic,98,Detroit Pistons,115
1122,"Thu, Mar 28, 2019",Brooklyn Nets,110,Philadelphia 76ers,123
1123,"Thu, Mar 28, 2019",Dallas Mavericks,99,Miami Heat,105
1124,"Thu, Mar 28, 2019",Toronto Raptors,117,New York Knicks,92
1125,"Thu, Mar 28, 2019",Denver Nuggets,85,Houston Rockets,112
1126,"Thu, Mar 28, 2019",Los Angeles Clippers,118,Milwaukee Bucks,128
1127,"Thu, Mar 28, 2019",Sacramento Kings,118,New Orleans Pelicans,121
1128,"Thu, Mar 28, 2019",Cleveland Cavaliers,110,San Antonio Spurs,116
1129,"Fri, Mar 29, 2019",Indiana Pacers,112,Boston Celtics,114
1130,"Fri, Mar 29, 2019",Portland Trail Blazers,118,Atlanta Hawks,98
1131,"Fri, Mar 29, 2019",Golden State Warriors,130,Minnesota Timberwolves,131
1132,"Fri, Mar 29, 2019",Denver Nuggets,115,Oklahoma City Thunder,105
1133,"Fri, Mar 29, 2019",Washington Wizards,124,Utah Jazz,128
1134,"Fri, Mar 29, 2019",Charlotte Hornets,115,Los Angeles Lakers,129
1135,"Sat, Mar 30, 2019",Cleveland Cavaliers,108,Los Angeles Clippers,132
1136,"Sat, Mar 30, 2019",Boston Celtics,96,Brooklyn Nets,110
1137,"Sat, Mar 30, 2019",Sacramento Kings,108,Houston Rockets,119
1138,"Sat, Mar 30, 2019",Portland Trail Blazers,90,Detroit Pistons,99
1139,"Sat, Mar 30, 2019",Orlando Magic,121,Indiana Pacers,116
1140,"Sat, Mar 30, 2019",Miami Heat,100,New York Knicks,92
1141,"Sat, Mar 30, 2019",Toronto Raptors,124,Chicago Bulls,101
1142,"Sat, Mar 30, 2019",Philadelphia 76ers,118,Minnesota Timberwolves,109
1143,"Sat, Mar 30, 2019",Memphis Grizzlies,120,Phoenix Suns,115
1144,"Sun, Mar 31, 2019",Milwaukee Bucks,135,Atlanta Hawks,136
1145,"Sun, Mar 31, 2019",Dallas Mavericks,106,Oklahoma City Thunder,103
1146,"Sun, Mar 31, 2019",Los Angeles Lakers,130,New Orleans Pelicans,102
1147,"Sun, Mar 31, 2019",Sacramento Kings,113,San Antonio Spurs,106
1148,"Sun, Mar 31, 2019",Washington Wizards,95,Denver Nuggets,90
1149,"Sun, Mar 31, 2019",Charlotte Hornets,90,Golden State Warriors,137
1150,"Sun, Mar 31, 2019",Memphis Grizzlies,96,Los Angeles Clippers,113
1151,"Mon, Apr 1, 2019",Detroit Pistons,102,Indiana Pacers,111
1152,"Mon, Apr 1, 2019",Miami Heat,105,Boston Celtics,110
1153,"Mon, Apr 1, 2019",Milwaukee Bucks,131,Brooklyn Nets,121
1154,"Mon, Apr 1, 2019",Chicago Bulls,105,New York Knicks,113
1155,"Mon, Apr 1, 2019",Orlando Magic,109,Toronto Raptors,121
1156,"Mon, Apr 1, 2019",Portland Trail Blazers,132,Minnesota Timberwolves,122
1157,"Mon, Apr 1, 2019",Philadelphia 76ers,102,Dallas Mavericks,122
1158,"Mon, Apr 1, 2019",Charlotte Hornets,102,Utah Jazz,111
1159,"Mon, Apr 1, 2019",Cleveland Cavaliers,113,Phoenix Suns,122
1160,"Tue, Apr 2, 2019",Los Angeles Lakers,103,Oklahoma City Thunder,119
1161,"Tue, Apr 2, 2019",Atlanta Hawks,111,San Antonio Spurs,117
1162,"Tue, Apr 2, 2019",Houston Rockets,130,Sacramento Kings,105
1163,"Tue, Apr 2, 2019",Denver Nuggets,102,Golden State Warriors,116
1164,"Wed, Apr 3, 2019",Indiana Pacers,108,Detroit Pistons,89
1165,"Wed, Apr 3, 2019",New York Knicks,100,Orlando Magic,114
1166,"Wed, Apr 3, 2019",Chicago Bulls,115,Washington Wizards,114
1167,"Wed, Apr 3, 2019",Philadelphia 76ers,122,Atlanta Hawks,130
1168,"Wed, Apr 3, 2019",Toronto Raptors,115,Brooklyn Nets,105
1169,"Wed, Apr 3, 2019",Boston Celtics,112,Miami Heat,102
1170,"Wed, Apr 3, 2019",Charlotte Hornets,115,New Orleans Pelicans,109
1171,"Wed, Apr 3, 2019",Minnesota Timberwolves,110,Dallas Mavericks,108
1172,"Wed, Apr 3, 2019",San Antonio Spurs,85,Denver Nuggets,113
1173,"Wed, Apr 3, 2019",Utah Jazz,118,Phoenix Suns,97
1174,"Wed, Apr 3, 2019",Memphis Grizzlies,89,Portland Trail Blazers,116
1175,"Wed, Apr 3, 2019",Houston Rockets,135,Los Angeles Clippers,103
1176,"Thu, Apr 4, 2019",Milwaukee Bucks,128,Philadelphia 76ers,122
1177,"Thu, Apr 4, 2019",Cleveland Cavaliers,104,Sacramento Kings,117
1178,"Thu, Apr 4, 2019",Golden State Warriors,108,Los Angeles Lakers,90
1179,"Fri, Apr 5, 2019",Toronto Raptors,111,Charlotte Hornets,113
1180,"Fri, Apr 5, 2019",Atlanta Hawks,113,Orlando Magic,149
1181,"Fri, Apr 5, 2019",San Antonio Spurs,129,Washington Wizards,112
1182,"Fri, Apr 5, 2019",New York Knicks,96,Houston Rockets,120
1183,"Fri, Apr 5, 2019",Boston Celtics,117,Indiana Pacers,97
1184,"Fri, Apr 5, 2019",Miami Heat,109,Minnesota Timberwolves,111
1185,"Fri, Apr 5, 2019",Detroit Pistons,110,Oklahoma City Thunder,123
1186,"Fri, Apr 5, 2019",Memphis Grizzlies,122,Dallas Mavericks,112
1187,"Fri, Apr 5, 2019",Sacramento Kings,98,Utah Jazz,119
1188,"Fri, Apr 5, 2019",New Orleans Pelicans,126,Phoenix Suns,133
1189,"Fri, Apr 5, 2019",Portland Trail Blazers,110,Denver Nuggets,119
1190,"Fri, Apr 5, 2019",Cleveland Cavaliers,114,Golden State Warriors,120
1191,"Fri, Apr 5, 2019",Los Angeles Lakers,122,Los Angeles Clippers,117
1192,"Sat, Apr 6, 2019",Brooklyn Nets,133,Milwaukee Bucks,128
1193,"Sat, Apr 6, 2019",Philadelphia 76ers,116,Chicago Bulls,96
1194,"Sun, Apr 7, 2019",Miami Heat,109,Toronto Raptors,117
1195,"Sun, Apr 7, 2019",San Antonio Spurs,112,Cleveland Cavaliers,90
1196,"Sun, Apr 7, 2019",Oklahoma City Thunder,132,Minnesota Timberwolves,126
1197,"Sun, Apr 7, 2019",Charlotte Hornets,104,Detroit Pistons,91
1198,"Sun, Apr 7, 2019",Brooklyn Nets,108,Indiana Pacers,96
1199,"Sun, Apr 7, 2019",Dallas Mavericks,129,Memphis Grizzlies,127
1200,"Sun, Apr 7, 2019",Phoenix Suns,113,Houston Rockets,149
1201,"Sun, Apr 7, 2019",Atlanta Hawks,107,Milwaukee Bucks,115
1202,"Sun, Apr 7, 2019",Orlando Magic,116,Boston Celtics,108
1203,"Sun, Apr 7, 2019",Washington Wizards,110,New York Knicks,113
1204,"Sun, Apr 7, 2019",Los Angeles Clippers,104,Golden State Warriors,131
1205,"Sun, Apr 7, 2019",Denver Nuggets,108,Portland Trail Blazers,115
1206,"Sun, Apr 7, 2019",New Orleans Pelicans,133,Sacramento Kings,129
1207,"Sun, Apr 7, 2019",Utah Jazz,109,Los Angeles Lakers,113
1208,"Tue, Apr 9, 2019",Charlotte Hornets,124,Cleveland Cavaliers,97
1209,"Tue, Apr 9, 2019",Memphis Grizzlies,93,Detroit Pistons,100
1210,"Tue, Apr 9, 2019",Boston Celtics,116,Washington Wizards,110
1211,"Tue, Apr 9, 2019",Philadelphia 76ers,99,Miami Heat,122
1212,"Tue, Apr 9, 2019",New York Knicks,96,Chicago Bulls,86
1213,"Tue, Apr 9, 2019",Toronto Raptors,120,Minnesota Timberwolves,100
1214,"Tue, Apr 9, 2019",Golden State Warriors,112,New Orleans Pelicans,103
1215,"Tue, Apr 9, 2019",Phoenix Suns,109,Dallas Mavericks,120
1216,"Tue, Apr 9, 2019",Denver Nuggets,108,Utah Jazz,118
1217,"Tue, Apr 9, 2019",Houston Rockets,111,Oklahoma City Thunder,112
1218,"Tue, Apr 9, 2019",Portland Trail Blazers,104,Los Angeles Lakers,101
1219,"Wed, Apr 10, 2019",Indiana Pacers,135,Atlanta Hawks,134
1220,"Wed, Apr 10, 2019",Miami Heat,94,Brooklyn Nets,113
1221,"Wed, Apr 10, 2019",Orlando Magic,122,Charlotte Hornets,114
1222,"Wed, Apr 10, 2019",Golden State Warriors,117,Memphis Grizzlies,132
1223,"Wed, Apr 10, 2019",Oklahoma City Thunder,127,Milwaukee Bucks,116
1224,"Wed, Apr 10, 2019",Detroit Pistons,115,New York Knicks,89
1225,"Wed, Apr 10, 2019",Chicago Bulls,109,Philadelphia 76ers,125
1226,"Wed, Apr 10, 2019",Dallas Mavericks,94,San Antonio Spurs,105
1227,"Wed, Apr 10, 2019",Minnesota Timberwolves,95,Denver Nuggets,99
1228,"Wed, Apr 10, 2019",Utah Jazz,137,Los Angeles Clippers,143
1229,"Wed, Apr 10, 2019",Sacramento Kings,131,Portland Trail Blazers,136
1231,"Sat, Apr 13, 2019",Brooklyn Nets,111,Philadelphia 76ers,102
1232,"Sat, Apr 13, 2019",Orlando Magic,104,Toronto Raptors,101
1233,"Sat, Apr 13, 2019",Los Angeles Clippers,104,Golden State Warriors,121
1234,"Sat, Apr 13, 2019",San Antonio Spurs,101,Denver Nuggets,96
1235,"Sun, Apr 14, 2019",Indiana Pacers,74,Boston Celtics,84
1236,"Sun, Apr 14, 2019",Oklahoma City Thunder,99,Portland Trail Blazers,104
1237,"Sun, Apr 14, 2019",Detroit Pistons,86,Milwaukee Bucks,121
1238,"Sun, Apr 14, 2019",Utah Jazz,90,Houston Rockets,122
1239,"Mon, Apr 15, 2019",Brooklyn Nets,123,Philadelphia 76ers,145
1240,"Mon, Apr 15, 2019",Los Angeles Clippers,135,Golden State Warriors,131
1241,"Tue, Apr 16, 2019",Orlando Magic,82,Toronto Raptors,111
1242,"Tue, Apr 16, 2019",San Antonio Spurs,105,Denver Nuggets,114
1243,"Tue, Apr 16, 2019",Oklahoma City Thunder,94,Portland Trail Blazers,114
1244,"Wed, Apr 17, 2019",Indiana Pacers,91,Boston Celtics,99
1245,"Wed, Apr 17, 2019",Detroit Pistons,99,Milwaukee Bucks,120
1246,"Wed, Apr 17, 2019",Utah Jazz,98,Houston Rockets,118
1247,"Thu, Apr 18, 2019",Philadelphia 76ers,131,Brooklyn Nets,115
1248,"Thu, Apr 18, 2019",Denver Nuggets,108,San Antonio Spurs,118
1249,"Thu, Apr 18, 2019",Golden State Warriors,132,Los Angeles Clippers,105
1250,"Fri, Apr 19, 2019",Toronto Raptors,98,Orlando Magic,93
1251,"Fri, Apr 19, 2019",Boston Celtics,104,Indiana Pacers,96
1252,"Fri, Apr 19, 2019",Portland Trail Blazers,108,Oklahoma City Thunder,120
1253,"Sat, Apr 20, 2019",Philadelphia 76ers,112,Brooklyn Nets,108
1254,"Sat, Apr 20, 2019",Denver Nuggets,117,San Antonio Spurs,103
1255,"Sat, Apr 20, 2019",Milwaukee Bucks,119,Detroit Pistons,103
1256,"Sat, Apr 20, 2019",Houston Rockets,104,Utah Jazz,101
1257,"Sun, Apr 21, 2019",Boston Celtics,110,Indiana Pacers,106
1258,"Sun, Apr 21, 2019",Golden State Warriors,113,Los Angeles Clippers,105
1259,"Sun, Apr 21, 2019",Toronto Raptors,107,Orlando Magic,85
1260,"Sun, Apr 21, 2019",Portland Trail Blazers,111,Oklahoma City Thunder,98
1261,"Mon, Apr 22, 2019",Milwaukee Bucks,127,Detroit Pistons,104
1262,"Mon, Apr 22, 2019",Houston Rockets,91,Utah Jazz,107
1263,"Tue, Apr 23, 2019",Orlando Magic,96,Toronto Raptors,115
1264,"Tue, Apr 23, 2019",Brooklyn Nets,100,Philadelphia 76ers,122
1265,"Tue, Apr 23, 2019",San Antonio Spurs,90,Denver Nuggets,108
1266,"Tue, Apr 23, 2019",Oklahoma City Thunder,115,Portland Trail Blazers,118
1267,"Wed, Apr 24, 2019",Utah Jazz,93,Houston Rockets,100
1268,"Wed, Apr 24, 2019",Los Angeles Clippers,129,Golden State Warriors,121
1269,"Thu, Apr 25, 2019",Denver Nuggets,103,San Antonio Spurs,120
1270,"Fri, Apr 26, 2019",Golden State Warriors,129,Los Angeles Clippers,110
1271,"Sat, Apr 27, 2019",Philadelphia 76ers,95,Toronto Raptors,108
1272,"Sat, Apr 27, 2019",San Antonio Spurs,86,Denver Nuggets,90
1273,"Sun, Apr 28, 2019",Boston Celtics,112,Milwaukee Bucks,90
1274,"Sun, Apr 28, 2019",Houston Rockets,100,Golden State Warriors,104
1275,"Mon, Apr 29, 2019",Philadelphia 76ers,94,Toronto Raptors,89
1276,"Mon, Apr 29, 2019",Portland Trail Blazers,113,Denver Nuggets,121
1277,"Tue, Apr 30, 2019",Boston Celtics,102,Milwaukee Bucks,123
1278,"Tue, Apr 30, 2019",Houston Rockets,109,Golden State Warriors,115
1279,"Wed, May 1, 2019",Portland Trail Blazers,97,Denver Nuggets,90
1280,"Thu, May 2, 2019",Toronto Raptors,95,Philadelphia 76ers,116
1281,"Fri, May 3, 2019",Milwaukee Bucks,123,Boston Celtics,116
1282,"Fri, May 3, 2019",Denver Nuggets,137,Portland Trail Blazers,140
1283,"Sat, May 4, 2019",Golden State Warriors,121,Houston Rockets,126
1284,"Sun, May 5, 2019",Toronto Raptors,101,Philadelphia 76ers,96
1285,"Sun, May 5, 2019",Denver Nuggets,116,Portland Trail Blazers,112
1286,"Mon, May 6, 2019",Milwaukee Bucks,113,Boston Celtics,101
1287,"Mon, May 6, 2019",Golden State Warriors,108,Houston Rockets,112
1288,"Tue, May 7, 2019",Philadelphia 76ers,89,Toronto Raptors,125
1289,"Tue, May 7, 2019",Portland Trail Blazers,98,Denver Nuggets,124
1290,"Wed, May 8, 2019",Boston Celtics,91,Milwaukee Bucks,116
1291,"Wed, May 8, 2019",Houston Rockets,99,Golden State Warriors,104
1292,"Thu, May 9, 2019",Toronto Raptors,101,Philadelphia 76ers,112
1293,"Thu, May 9, 2019",Denver Nuggets,108,Portland Trail Blazers,119
1294,"Fri, May 10, 2019",Golden State Warriors,118,Houston Rockets,113
1295,"Sun, May 12, 2019",Portland Trail Blazers,100,Denver Nuggets,96
1296,"Sun, May 12, 2019",Philadelphia 76ers,90,Toronto Raptors,92
1297,"Tue, May 14, 2019",Portland Trail Blazers,94,Golden State Warriors,116
1298,"Wed, May 15, 2019",Toronto Raptors,100,Milwaukee Bucks,108
1299,"Thu, May 16, 2019",Portland Trail Blazers,111,Golden State Warriors,114
1300,"Fri, May 17, 2019",Toronto Raptors,103,Milwaukee Bucks,125
1301,"Sat, May 18, 2019",Golden State Warriors,110,Portland Trail Blazers,99
1302,"Sun, May 19, 2019",Milwaukee Bucks,112,Toronto Raptors,118
1303,"Mon, May 20, 2019",Golden State Warriors,119,Portland Trail Blazers,117
1304,"Tue, May 21, 2019",Milwaukee Bucks,102,Toronto Raptors,120
1305,"Thu, May 23, 2019",Toronto Raptors,105,Milwaukee Bucks,99
1306,"Sat, May 25, 2019",Milwaukee Bucks,94,Toronto Raptors,100
1307,"Thu, May 30, 2019",Golden State Warriors,109,Toronto Raptors,118
1308,"Sun, Jun 2, 2019",Golden State Warriors,109,Toronto Raptors,104
1309,"Wed, Jun 5, 2019",Toronto Raptors,123,Golden State Warriors,109
1310,"Fri, Jun 7, 2019",Toronto Raptors,105,Golden State Warriors,92
1311,"Mon, Jun 10, 2019",Golden State Warriors,106,Toronto Raptors,105
1312,"Thu, Jun 13, 2019",Toronto Raptors,114,Golden State Warriors,110
